22 75 73 65 20 63 6c 69  65 6e 74 22 3b 0d 0a 0d
0a 69 6d 70 6f 72 74 20  7b 20 75 73 65 45 66 66
65 63 74 2c 20 75 73 65  53 74 61 74 65 2c 20 75
73 65 4d 65 6d 6f 20 7d  20 66 72 6f 6d 20 22 72
65 61 63 74 22 3b 0d 0a  69 6d 70 6f 72 74 20 49
6d 61 67 65 20 66 72 6f  6d 20 22 6e 65 78 74 2f
69 6d 61 67 65 22 3b 0d  0a 69 6d 70 6f 72 74 20
44 61 73 68 62 6f 61 72  64 4c 61 79 6f 75 74 20
66 72 6f 6d 20 22 40 2f  63 6f 6d 70 6f 6e 65 6e
74 73 2f 6c 61 79 6f 75  74 2f 44 61 73 68 62 6f
61 72 64 4c 61 79 6f 75  74 22 3b 0d 0a 69 6d 70
6f 72 74 20 7b 20 53 74  61 74 43 61 72 64 20 7d
20 66 72 6f 6d 20 22 40  2f 63 6f 6d 70 6f 6e 65
6e 74 73 2f 75 69 2f 43  61 72 64 22 3b 0d 0a 69
6d 70 6f 72 74 20 7b 20  42 61 64 67 65 20 7d 20
66 72 6f 6d 20 22 40 2f  63 6f 6d 70 6f 6e 65 6e
74 73 2f 75 69 2f 42 61  64 67 65 22 3b 0d 0a 69
6d 70 6f 72 74 20 7b 0d  0a 20 20 41 72 65 61 43
68 61 72 74 2c 0d 0a 20  20 41 72 65 61 2c 0d 0a
20 20 42 61 72 43 68 61  72 74 2c 0d 0a 20 20 42
61 72 2c 0d 0a 20 20 50  69 65 43 68 61 72 74 2c
0d 0a 20 20 50 69 65 2c  0d 0a 20 20 43 65 6c 6c
2c 0d 0a 20 20 52 65 73  70 6f 6e 73 69 76 65 43
6f 6e 74 61 69 6e 65 72  2c 0d 0a 20 20 54 6f 6f
6c 74 69 70 2c 0d 0a 20  20 58 41 78 69 73 2c 0d
0a 20 20 59 41 78 69 73  2c 0d 0a 7d 20 66 72 6f
6d 20 22 72 65 63 68 61  72 74 73 22 3b 0d 0a 69
6d 70 6f 72 74 20 7b 0d  0a 20 20 54 72 65 6e 64
69 6e 67 55 70 2c 0d 0a  20 20 54 72 65 6e 64 69
6e 67 44 6f 77 6e 2c 0d  0a 20 20 44 6f 6c 6c 61
72 53 69 67 6e 2c 0d 0a  20 20 42 61 72 43 68 61
72 74 33 2c 0d 0a 20 20  43 70 75 2c 0d 0a 20 20
41 72 72 6f 77 55 70 52  69 67 68 74 2c 0d 0a 20
20 41 72 72 6f 77 44 6f  77 6e 52 69 67 68 74 2c
0d 0a 20 20 43 61 6c 65  6e 64 61 72 2c 0d 0a 20
20 41 63 74 69 76 69 74  79 2c 0d 0a 20 20 46 6c
61 6d 65 2c 0d 0a 20 20  5a 61 70 2c 0d 0a 20 20
54 61 72 67 65 74 2c 0d  0a 20 20 52 6f 63 6b 65
74 2c 0d 0a 20 20 47 6c  6f 62 65 2c 0d 0a 20 20
43 70 75 20 61 73 20 43  70 75 49 63 6f 6e 2c 0d
0a 20 20 43 6c 6f 63 6b  2c 0d 0a 20 20 4e 65 77
73 70 61 70 65 72 2c 0d  0a 20 20 53 61 74 65 6c
6c 69 74 65 2c 0d 0a 20  20 42 72 61 69 6e 43 69
72 63 75 69 74 2c 0d 0a  20 20 43 61 72 2c 0d 0a
20 20 43 69 72 63 75 69  74 42 6f 61 72 64 2c 0d
0a 20 20 42 75 69 6c 64  69 6e 67 32 2c 0d 0a 20
20 57 61 6c 6c 65 74 2c  0d 0a 20 20 41 72 72 6f
77 52 69 67 68 74 2c 0d  0a 20 20 54 69 6d 65 72
2c 0d 0a 7d 20 66 72 6f  6d 20 22 6c 75 63 69 64
65 2d 72 65 61 63 74 22  3b 0d 0a 69 6d 70 6f 72
74 20 7b 20 70 6f 72 74  66 6f 6c 69 6f 41 50 49
2c 20 77 61 6c 6c 65 74  41 50 49 2c 20 6f 72 61
63 6c 65 41 50 49 2c 20  74 72 61 64 69 6e 67 41
50 49 20 7d 20 66 72 6f  6d 20 22 40 2f 6c 69 62
2f 61 70 69 22 3b 0d 0a  69 6d 70 6f 72 74 20 7b
20 75 73 65 4d 61 72 6b  65 74 50 72 69 63 65 73
20 7d 20 66 72 6f 6d 20  22 40 2f 68 6f 6f 6b 73
2f 75 73 65 4d 61 72 6b  65 74 50 72 69 63 65 73
22 3b 0d 0a 69 6d 70 6f  72 74 20 7b 0d 0a 20 20
66 6f 72 6d 61 74 43 75  72 72 65 6e 63 79 2c 0d
0a 20 20 66 6f 72 6d 61  74 50 65 72 63 65 6e 74
2c 0d 0a 20 20 63 6e 2c  0d 0a 20 20 67 65 74 43
68 61 6e 67 65 43 6f 6c  6f 72 2c 0d 0a 7d 20 66
72 6f 6d 20 22 40 2f 6c  69 62 2f 75 74 69 6c 73
22 3b 0d 0a 69 6d 70 6f  72 74 20 7b 20 75 73 65
53 74 6f 72 65 20 7d 20  66 72 6f 6d 20 22 40 2f
73 74 6f 72 65 2f 75 73  65 53 74 6f 72 65 22 3b
0d 0a 69 6d 70 6f 72 74  20 7b 20 75 73 65 50 72
6f 66 69 74 45 6e 67 69  6e 65 20 7d 20 66 72 6f
6d 20 22 40 2f 73 74 6f  72 65 2f 75 73 65 50 72
6f 66 69 74 45 6e 67 69  6e 65 22 3b 0d 0a 69 6d
70 6f 72 74 20 74 79 70  65 20 7b 0d 0a 20 20 50
6f 72 74 66 6f 6c 69 6f  2c 0d 0a 20 20 57 61 6c
6c 65 74 54 72 61 6e 73  61 63 74 69 6f 6e 2c 0d
0a 20 20 41 73 73 65 74  2c 0d 0a 20 20 4f 70 74
69 6d 61 6c 41 6c 6c 6f  63 61 74 69 6f 6e 2c 0d
0a 7d 20 66 72 6f 6d 20  22 40 2f 74 79 70 65 73
22 3b 0d 0a 69 6d 70 6f  72 74 20 4c 69 6e 6b 20
66 72 6f 6d 20 22 6e 65  78 74 2f 6c 69 6e 6b 22
3b 0d 0a 69 6d 70 6f 72  74 20 7b 0d 0a 20 20 4d
69 73 73 69 6f 6e 50 61  6e 65 6c 2c 0d 0a 20 20
52 61 69 6c 4c 6f 63 6b  2c 0d 0a 20 20 50 68 61
73 65 54 72 61 63 6b 2c  0d 0a 20 20 52 61 69 6c
41 63 63 65 73 73 53 74  72 69 70 2c 0d 0a 7d 20
66 72 6f 6d 20 22 40 2f  63 6f 6d 70 6f 6e 65 6e
74 73 2f 78 2d 65 6e 67  69 6e 65 22 3b 0d 0a 69
6d 70 6f 72 74 20 7b 20  45 4e 47 49 4e 45 5f 43
4f 50 59 20 7d 20 66 72  6f 6d 20 22 40 2f 6c 69
62 2f 78 45 6e 67 69 6e  65 22 3b 0d 0a 69 6d 70
6f 72 74 20 7b 20 75 73  65 58 45 6e 67 69 6e 65
20 7d 20 66 72 6f 6d 20  22 40 2f 68 6f 6f 6b 73
2f 75 73 65 58 45 6e 67  69 6e 65 22 3b 0d 0a 69
6d 70 6f 72 74 20 7b 20  75 73 65 53 65 73 73 69
6f 6e 55 73 65 72 20 7d  20 66 72 6f 6d 20 22 40
2f 68 6f 6f 6b 73 2f 75  73 65 53 65 73 73 69 6f
6e 55 73 65 72 22 3b 0d  0a 69 6d 70 6f 72 74 20
7b 20 75 73 65 53 74 61  62 6c 65 42 61 6c 61 6e
63 65 20 7d 20 66 72 6f  6d 20 22 40 2f 68 6f 6f
6b 73 2f 75 73 65 53 74  61 62 6c 65 42 61 6c 61
6e 63 65 22 3b 0d 0a 69  6d 70 6f 72 74 20 7b 20
75 73 65 4c 69 76 65 47  72 6f 77 74 68 2c 20 70
72 6f 6a 65 63 74 43 6f  6d 70 6f 75 6e 64 20 7d
20 66 72 6f 6d 20 22 40  2f 68 6f 6f 6b 73 2f 75
73 65 4c 69 76 65 47 72  6f 77 74 68 22 3b 0d 0a
69 6d 70 6f 72 74 20 59  69 65 6c 64 47 72 6f 77
74 68 56 69 73 75 61 6c  69 7a 65 72 20 66 72 6f
6d 20 22 40 2f 63 6f 6d  70 6f 6e 65 6e 74 73 2f
78 2d 65 6e 67 69 6e 65  2f 59 69 65 6c 64 47 72
6f 77 74 68 56 69 73 75  61 6c 69 7a 65 72 22 3b
0d 0a 69 6d 70 6f 72 74  20 7b 0d 0a 20 20 4f 70
70 6f 72 74 75 6e 69 74  79 43 6f 73 74 56 69 73
75 61 6c 69 7a 65 72 2c  0d 0a 20 20 43 6f 6d 70
6f 75 6e 64 69 6e 67 45  73 63 61 6c 61 74 6f 72
2c 0d 0a 20 20 4e 65 78  74 43 69 76 69 6c 69 7a
61 74 69 6f 6e 53 63 6f  72 65 2c 0d 0a 20 20 45
6c 6f 6e 48 6f 72 69 7a  6f 6e 2c 0d 0a 7d 20 66
72 6f 6d 20 22 40 2f 63  6f 6d 70 6f 6e 65 6e 74
73 2f 72 65 74 65 6e 74  69 6f 6e 22 3b 0d 0a 0d
0a 66 75 6e 63 74 69 6f  6e 20 67 65 6e 65 72 61
74 65 50 65 72 66 6f 72  6d 61 6e 63 65 44 61 74
61 28 62 61 73 65 56 61  6c 75 65 3a 20 6e 75 6d
62 65 72 2c 20 64 61 79  73 3a 20 6e 75 6d 62 65
72 29 20 7b 0d 0a 20 20  63 6f 6e 73 74 20 64 61
74 61 20 3d 20 5b 5d 3b  0d 0a 20 20 6c 65 74 20
76 61 6c 75 65 20 3d 20  62 61 73 65 56 61 6c 75
65 20 2a 20 30 2e 37 35  3b 0d 0a 20 20 63 6f 6e
73 74 20 6e 6f 77 20 3d  20 6e 65 77 20 44 61 74
65 28 29 3b 0d 0a 20 20  63 6f 6e 73 74 20 73 65
65 64 73 20 3d 20 5b 0d  0a 20 20 20 20 30 2e 35
33 2c 20 30 2e 36 31 2c  20 30 2e 34 32 2c 20 30
2e 35 38 2c 20 30 2e 34  37 2c 20 30 2e 36 36 2c
20 30 2e 33 39 2c 20 30  2e 37 31 2c 20 30 2e 34
34 2c 20 30 2e 35 35 2c  20 30 2e 36 32 2c 20 30
2e 34 38 2c 0d 0a 20 20  20 20 30 2e 35 37 2c 20
30 2e 36 33 2c 20 30 2e  34 31 2c 20 30 2e 36 38
2c 20 30 2e 35 32 2c 20  30 2e 35 39 2c 20 30 2e
34 36 2c 20 30 2e 36 34  2c 20 30 2e 35 34 2c 20
30 2e 36 2c 20 30 2e 34  33 2c 20 30 2e 36 37 2c
20 30 2e 35 2c 0d 0a 20  20 20 20 30 2e 35 36 2c
20 30 2e 36 35 2c 20 30  2e 34 35 2c 20 30 2e 36
39 2c 20 30 2e 35 31 2c  20 30 2e 35 38 2c 0d 0a
20 20 5d 3b 0d 0a 20 20  66 6f 72 20 28 6c 65 74
20 69 20 3d 20 64 61 79  73 3b 20 69 20 3e 3d 20
30 3b 20 69 2d 2d 29 20  7b 0d 0a 20 20 20 20 63
6f 6e 73 74 20 64 61 74  65 20 3d 20 6e 65 77 20
44 61 74 65 28 6e 6f 77  29 3b 0d 0a 20 20 20 20
64 61 74 65 2e 73 65 74  44 61 74 65 28 64 61 74
65 2e 67 65 74 44 61 74  65 28 29 20 2d 20 69 29
3b 0d 0a 20 20 20 20 63  6f 6e 73 74 20 73 20 3d
20 73 65 65 64 73 5b 28  64 61 79 73 20 2d 20 69
29 20 25 20 73 65 65 64  73 2e 6c 65 6e 67 74 68
5d 3b 0d 0a 20 20 20 20  76 61 6c 75 65 20 2a 3d
20 31 20 2b 20 28 73 20  2d 20 30 2e 34 37 29 20
2a 20 30 2e 30 32 35 3b  0d 0a 20 20 20 20 64 61
74 61 2e 70 75 73 68 28  7b 0d 0a 20 20 20 20 20
20 64 61 74 65 3a 20 64  61 74 65 2e 74 6f 4c 6f
63 61 6c 65 44 61 74 65  53 74 72 69 6e 67 28 22
65 6e 2d 55 53 22 2c 20  7b 20 6d 6f 6e 74 68 3a
20 22 73 68 6f 72 74 22  2c 20 64 61 79 3a 20 22
6e 75 6d 65 72 69 63 22  20 7d 29 2c 0d 0a 20 20
20 20 20 20 76 61 6c 75  65 3a 20 4d 61 74 68 2e
72 6f 75 6e 64 28 76 61  6c 75 65 20 2a 20 31 30
30 29 20 2f 20 31 30 30  2c 0d 0a 20 20 20 20 7d
29 3b 0d 0a 20 20 7d 0d  0a 20 20 72 65 74 75 72
6e 20 64 61 74 61 3b 0d  0a 7d 0d 0a 0d 0a 63 6f
6e 73 74 20 41 4c 4c 4f  43 41 54 49 4f 4e 5f 43
4f 4c 4f 52 53 20 3d 20  5b 22 23 37 63 33 61 65
64 22 2c 20 22 23 30 36  62 36 64 34 22 2c 20 22
23 64 39 37 37 30 36 22  2c 20 22 23 31 30 62 39
38 31 22 2c 20 22 23 65  66 34 34 34 34 22 2c 20
22 23 61 37 38 62 66 61  22 5d 3b 0d 0a 63 6f 6e
73 74 20 54 58 5f 43 4f  4c 4f 52 53 3a 20 52 65
63 6f 72 64 3c 73 74 72  69 6e 67 2c 20 73 74 72
69 6e 67 3e 20 3d 20 7b  0d 0a 20 20 44 45 50 4f
53 49 54 3a 20 22 74 65  78 74 2d 65 6d 65 72 61
6c 64 2d 34 30 30 22 2c  0d 0a 20 20 57 49 54 48
44 52 41 57 41 4c 3a 20  22 74 65 78 74 2d 72 6f
73 65 2d 34 30 30 22 2c  0d 0a 20 20 50 52 4f 46
49 54 3a 20 22 74 65 78  74 2d 61 6d 62 65 72 2d
34 30 30 22 2c 0d 0a 20  20 54 52 41 44 45 3a 20
22 74 65 78 74 2d 62 6c  75 65 2d 34 30 30 22 2c
0d 0a 20 20 46 55 4e 44  5f 49 4e 56 45 53 54 3a
20 22 74 65 78 74 2d 76  69 6f 6c 65 74 2d 34 30
30 22 2c 0d 0a 7d 3b 0d  0a 0d 0a 63 6f 6e 73 74
20 43 75 73 74 6f 6d 54  6f 6f 6c 74 69 70 20 3d
20 28 7b 20 61 63 74 69  76 65 2c 20 70 61 79 6c
6f 61 64 20 7d 3a 20 7b  20 61 63 74 69 76 65 3f
3a 20 62 6f 6f 6c 65 61  6e 3b 20 70 61 79 6c 6f
61 64 3f 3a 20 41 72 72  61 79 3c 7b 20 76 61 6c
75 65 3a 20 6e 75 6d 62  65 72 20 7d 3e 20 7d 29
20 3d 3e 20 7b 0d 0a 20  20 69 66 20 28 61 63 74
69 76 65 20 26 26 20 70  61 79 6c 6f 61 64 3f 2e
6c 65 6e 67 74 68 29 20  7b 0d 0a 20 20 20 20 72
65 74 75 72 6e 20 28 0d  0a 20 20 20 20 20 20 3c
64 69 76 20 63 6c 61 73  73 4e 61 6d 65 3d 22 62
67 2d 78 63 2d 63 61 72  64 20 62 6f 72 64 65 72
20 62 6f 72 64 65 72 2d  78 63 2d 62 6f 72 64 65
72 20 72 6f 75 6e 64 65  64 2d 6c 67 20 70 78 2d
33 20 70 79 2d 32 20 74  65 78 74 2d 73 6d 22 3e
0d 0a 20 20 20 20 20 20  20 20 3c 73 70 61 6e 20
63 6c 61 73 73 4e 61 6d  65 3d 22 74 65 78 74 2d
78 63 2d 67 72 65 65 6e  20 66 6f 6e 74 2d 6d 6f
6e 6f 20 66 6f 6e 74 2d  62 6f 6c 64 22 3e 7b 66
6f 72 6d 61 74 43 75 72  72 65 6e 63 79 28 70 61
79 6c 6f 61 64 5b 30 5d  2e 76 61 6c 75 65 29 7d
3c 2f 73 70 61 6e 3e 0d  0a 20 20 20 20 20 20 3c
2f 64 69 76 3e 0d 0a 20  20 20 20 29 3b 0d 0a 20
20 7d 0d 0a 20 20 72 65  74 75 72 6e 20 6e 75 6c
6c 3b 0d 0a 7d 3b 0d 0a  0d 0a 65 78 70 6f 72 74
20 64 65 66 61 75 6c 74  20 66 75 6e 63 74 69 6f
6e 20 44 61 73 68 62 6f  61 72 64 50 61 67 65 28
29 20 7b 0d 0a 20 20 63  6f 6e 73 74 20 7b 20 75
73 65 72 2c 20 73 65 74  50 6f 72 74 66 6f 6c 69
6f 2c 20 73 65 74 57 61  6c 6c 65 74 2c 20 77 61
6c 6c 65 74 2c 20 73 79  6e 63 57 61 6c 6c 65 74
46 72 6f 6d 53 65 73 73  69 6f 6e 2c 20 73 79 6e
63 53 65 73 73 69 6f 6e  46 72 6f 6d 41 70 69 20
7d 20 3d 20 75 73 65 53  74 6f 72 65 28 29 3b 0d
0a 20 20 63 6f 6e 73 74  20 73 65 73 73 69 6f 6e
55 73 65 72 20 3d 20 75  73 65 53 65 73 73 69 6f
6e 55 73 65 72 28 29 3b  0d 0a 20 20 63 6f 6e 73
74 20 73 74 61 62 6c 65  42 61 6c 61 6e 63 65 20
3d 20 75 73 65 53 74 61  62 6c 65 42 61 6c 61 6e
63 65 28 29 3b 0d 0a 20  20 63 6f 6e 73 74 20 7b
20 67 72 6f 77 74 68 2c  20 6e 6f 64 65 49 64 2c
20 69 73 43 6f 6d 70 6f  75 6e 64 69 6e 67 20 7d
20 3d 20 75 73 65 4c 69  76 65 47 72 6f 77 74 68
28 29 3b 0d 0a 20 20 63  6f 6e 73 74 20 7b 20 74
78 42 72 65 61 6b 64 6f  77 6e 20 7d 20 3d 20 75
73 65 50 72 6f 66 69 74  45 6e 67 69 6e 65 28 29
3b 0d 0a 20 20 63 6f 6e  73 74 20 5b 70 6f 72 74
66 6f 6c 69 6f 2c 20 73  65 74 4c 6f 63 61 6c 50
6f 72 74 66 6f 6c 69 6f  5d 20 3d 20 75 73 65 53
74 61 74 65 3c 50 6f 72  74 66 6f 6c 69 6f 20 7c
20 6e 75 6c 6c 3e 28 6e  75 6c 6c 29 3b 0d 0a 20
20 63 6f 6e 73 74 20 5b  74 72 61 6e 73 61 63 74
69 6f 6e 73 2c 20 73 65  74 54 72 61 6e 73 61 63
74 69 6f 6e 73 5d 20 3d  20 75 73 65 53 74 61 74
65 3c 57 61 6c 6c 65 74  54 72 61 6e 73 61 63 74
69 6f 6e 5b 5d 3e 28 5b  5d 29 3b 0d 0a 20 20 63
6f 6e 73 74 20 5b 74 6f  70 41 73 73 65 74 73 2c
20 73 65 74 54 6f 70 41  73 73 65 74 73 5d 20 3d
20 75 73 65 53 74 61 74  65 3c 41 73 73 65 74 5b
5d 3e 28 5b 5d 29 3b 0d  0a 20 20 63 6f 6e 73 74
20 5b 61 6c 6c 6f 63 61  74 69 6f 6e 2c 20 73 65
74 41 6c 6c 6f 63 61 74  69 6f 6e 5d 20 3d 20 75
73 65 53 74 61 74 65 3c  4f 70 74 69 6d 61 6c 41
6c 6c 6f 63 61 74 69 6f  6e 20 7c 20 6e 75 6c 6c
3e 28 6e 75 6c 6c 29 3b  0d 0a 20 20 63 6f 6e 73
74 20 5b 2c 20 73 65 74  4c 6f 61 64 69 6e 67 5d
20 3d 20 75 73 65 53 74  61 74 65 28 74 72 75 65
29 3b 0d 0a 20 20 63 6f  6e 73 74 20 5b 70 65 72
66 44 61 74 61 2c 20 73  65 74 50 65 72 66 44 61
74 61 5d 20 3d 20 75 73  65 53 74 61 74 65 3c 41
72 72 61 79 3c 7b 20 64  61 74 65 3a 20 73 74 72
69 6e 67 3b 20 76 61 6c  75 65 3a 20 6e 75 6d 62
65 72 20 7d 3e 3e 28 5b  5d 29 3b 0d 0a 20 20 63
6f 6e 73 74 20 5b 73 68  6f 77 41 6c 6c 54 78 2c
20 73 65 74 53 68 6f 77  41 6c 6c 54 78 5d 20 3d
20 75 73 65 53 74 61 74  65 28 66 61 6c 73 65 29
3b 0d 0a 20 20 63 6f 6e  73 74 20 5b 73 68 6f 77
43 61 74 63 68 55 70 42  61 6e 6e 65 72 2c 20 73
65 74 53 68 6f 77 43 61  74 63 68 55 70 42 61 6e
6e 65 72 5d 20 3d 20 75  73 65 53 74 61 74 65 28
66 61 6c 73 65 29 3b 0d  0a 20 20 63 6f 6e 73 74
20 5b 6d 69 73 73 65 64  54 69 63 6b 73 2c 20 73
65 74 4d 69 73 73 65 64  54 69 63 6b 73 5d 20 3d
20 75 73 65 53 74 61 74  65 28 30 29 3b 0d 0a 0d
0a 20 20 75 73 65 45 66  66 65 63 74 28 28 29 20
3d 3e 20 7b 0d 0a 20 20  20 20 63 6f 6e 73 74 20
66 65 74 63 68 44 61 74  61 20 3d 20 61 73 79 6e
63 20 28 29 20 3d 3e 20  7b 0d 0a 20 20 20 20 20
20 73 65 74 4c 6f 61 64  69 6e 67 28 74 72 75 65
29 3b 0d 0a 20 20 20 20  20 20 74 72 79 20 7b 0d
0a 20 20 20 20 20 20 20  20 63 6f 6e 73 74 20 5b
70 6f 72 74 52 65 73 2c  20 77 61 6c 6c 65 74 52
65 73 2c 20 74 78 52 65  73 2c 20 61 73 73 65 74
73 52 65 73 2c 20 61 6c  6c 6f 63 52 65 73 5d 20
3d 20 61 77 61 69 74 20  50 72 6f 6d 69 73 65 2e
61 6c 6c 53 65 74 74 6c  65 64 28 5b 0d 0a 20 20
20 20 20 20 20 20 20 20  70 6f 72 74 66 6f 6c 69
6f 41 50 49 2e 67 65 74  50 6f 72 74 66 6f 6c 69
6f 28 29 2c 0d 0a 20 20  20 20 20 20 20 20 20 20
77 61 6c 6c 65 74 41 50  49 2e 67 65 74 57 61 6c
6c 65 74 28 29 2c 0d 0a  20 20 20 20 20 20 20 20
20 20 77 61 6c 6c 65 74  41 50 49 2e 67 65 74 54
72 61 6e 73 61 63 74 69  6f 6e 73 28 7b 20 6c 69
6d 69 74 3a 20 35 20 7d  29 2c 0d 0a 20 20 20 20
20 20 20 20 20 20 74 72  61 64 69 6e 67 41 50 49
2e 67 65 74 41 73 73 65  74 73 28 7b 20 6c 69 6d
69 74 3a 20 38 20 7d 29  2c 0d 0a 20 20 20 20 20
20 20 20 20 20 6f 72 61  63 6c 65 41 50 49 2e 67
65 74 4f 70 74 69 6d 61  6c 41 6c 6c 6f 63 61 74
69 6f 6e 28 29 2c 0d 0a  20 20 20 20 20 20 20 20
5d 29 3b 0d 0a 0d 0a 20  20 20 20 20 20 20 20 69
66 20 28 70 6f 72 74 52  65 73 2e 73 74 61 74 75
73 20 3d 3d 3d 20 22 66  75 6c 66 69 6c 6c 65 64
22 29 20 7b 0d 0a 20 20  20 20 20 20 20 20 20 20
73 65 74 4c 6f 63 61 6c  50 6f 72 74 66 6f 6c 69
6f 28 70 6f 72 74 52 65  73 2e 76 61 6c 75 65 2e
64 61 74 61 2e 64 61 74  61 29 3b 0d 0a 20 20 20
20 20 20 20 20 20 20 73  65 74 50 6f 72 74 66 6f
6c 69 6f 28 70 6f 72 74  52 65 73 2e 76 61 6c 75
65 2e 64 61 74 61 2e 64  61 74 61 29 3b 0d 0a 20
20 20 20 20 20 20 20 20  20 73 65 74 50 65 72 66
44 61 74 61 28 67 65 6e  65 72 61 74 65 50 65 72
66 6f 72 6d 61 6e 63 65  44 61 74 61 28 70 6f 72
74 52 65 73 2e 76 61 6c  75 65 2e 64 61 74 61 2e
64 61 74 61 2e 74 6f 74  61 6c 56 61 6c 75 65 20
7c 7c 20 31 30 30 30 30  2c 20 33 30 29 29 3b 0d
0a 20 20 20 20 20 20 20  20 7d 20 65 6c 73 65 20
7b 0d 0a 20 20 20 20 20  20 20 20 20 20 63 6f 6e
73 74 20 64 65 6d 6f 20  3d 20 7b 20 69 64 3a 20
22 31 22 2c 20 75 73 65  72 49 64 3a 20 22 31 22
2c 20 74 6f 74 61 6c 56  61 6c 75 65 3a 20 30 2c
20 74 6f 74 61 6c 43 6f  73 74 3a 20 30 2c 20 74
6f 74 61 6c 50 6e 4c 3a  20 30 2c 20 63 61 73 68
42 61 6c 61 6e 63 65 3a  20 30 2c 20 68 6f 6c 64
69 6e 67 73 3a 20 5b 5d  2c 20 72 69 73 6b 53 63
6f 72 65 3a 20 30 20 7d  3b 0d 0a 20 20 20 20 20
20 20 20 20 20 73 65 74  4c 6f 63 61 6c 50 6f 72
74 66 6f 6c 69 6f 28 64  65 6d 6f 20 61 73 20 50
6f 72 74 66 6f 6c 69 6f  29 3b 0d 0a 20 20 20 20
20 20 20 20 20 20 73 65  74 50 65 72 66 44 61 74
61 28 67 65 6e 65 72 61  74 65 50 65 72 66 6f 72
6d 61 6e 63 65 44 61 74  61 28 30 2c 20 33 30 29
29 3b 0d 0a 20 20 20 20  20 20 20 20 7d 0d 0a 20
20 20 20 20 20 20 20 69  66 20 28 77 61 6c 6c 65
74 52 65 73 2e 73 74 61  74 75 73 20 3d 3d 3d 20
22 66 75 6c 66 69 6c 6c  65 64 22 29 20 73 65 74
57 61 6c 6c 65 74 28 77  61 6c 6c 65 74 52 65 73
2e 76 61 6c 75 65 2e 64  61 74 61 2e 64 61 74 61
29 3b 0d 0a 20 20 20 20  20 20 20 20 65 6c 73 65
20 69 66 20 28 21 77 61  6c 6c 65 74 29 20 73 65
74 57 61 6c 6c 65 74 28  7b 20 69 64 3a 20 22 6c
6f 63 61 6c 22 2c 20 66  69 61 74 42 61 6c 61 6e
63 65 3a 20 75 73 65 72  3f 2e 62 61 6c 61 6e 63
65 20 3f 3f 20 30 2c 20  63 72 79 70 74 6f 42 61
6c 61 6e 63 65 3a 20 30  2c 20 6c 6f 63 6b 65 64
42 61 6c 61 6e 63 65 3a  20 30 20 7d 29 3b 0d 0a
20 20 20 20 20 20 20 20  69 66 20 28 74 78 52 65
73 2e 73 74 61 74 75 73  20 3d 3d 3d 20 22 66 75
6c 66 69 6c 6c 65 64 22  29 20 73 65 74 54 72 61
6e 73 61 63 74 69 6f 6e  73 28 74 78 52 65 73 2e
76 61 6c 75 65 2e 64 61  74 61 2e 64 61 74 61 2e
74 72 61 6e 73 61 63 74  69 6f 6e 73 20 7c 7c 20
5b 5d 29 3b 0d 0a 20 20  20 20 20 20 20 20 69 66
20 28 61 73 73 65 74 73  52 65 73 2e 73 74 61 74
75 73 20 3d 3d 3d 20 22  66 75 6c 66 69 6c 6c 65
64 22 29 20 73 65 74 54  6f 70 41 73 73 65 74 73
28 61 73 73 65 74 73 52  65 73 2e 76 61 6c 75 65
2e 64 61 74 61 2e 64 61  74 61 2e 61 73 73 65 74
73 20 7c 7c 20 5b 5d 29  3b 0d 0a 20 20 20 20 20
20 20 20 69 66 20 28 61  6c 6c 6f 63 52 65 73 2e
73 74 61 74 75 73 20 3d  3d 3d 20 22 66 75 6c 66
69 6c 6c 65 64 22 20 26  26 20 61 6c 6c 6f 63 52
65 73 2e 76 61 6c 75 65  2e 64 61 74 61 2e 64 61
74 61 20 26 26 20 4f 62  6a 65 63 74 2e 6b 65 79
73 28 61 6c 6c 6f 63 52  65 73 2e 76 61 6c 75 65
2e 64 61 74 61 2e 64 61  74 61 29 2e 66 69 6c 74
65 72 28 28 6b 29 20 3d  3e 20 6b 20 21 3d 3d 20
22 72 61 74 69 6f 6e 61  6c 65 22 29 2e 6c 65 6e
67 74 68 20 3e 20 30 29  20 7b 0d 0a 20 20 20 20
20 20 20 20 20 20 73 65  74 41 6c 6c 6f 63 61 74
69 6f 6e 28 61 6c 6c 6f  63 52 65 73 2e 76 61 6c
75 65 2e 64 61 74 61 2e  64 61 74 61 29 3b 0d 0a
20 20 20 20 20 20 20 20  7d 20 65 6c 73 65 20 7b
0d 0a 20 20 20 20 20 20  20 20 20 20 73 65 74 41
6c 6c 6f 63 61 74 69 6f  6e 28 7b 20 41 49 3a 20
34 30 2c 20 45 6e 65 72  67 79 3a 20 32 30 2c 20
53 70 61 63 65 3a 20 31  35 2c 20 50 72 69 76 61
74 65 45 71 75 69 74 79  3a 20 31 35 2c 20 43 61
73 68 3a 20 31 30 2c 20  72 61 74 69 6f 6e 61 6c
65 3a 20 22 22 20 7d 29  3b 0d 0a 20 20 20 20 20
20 20 20 7d 0d 0a 20 20  20 20 20 20 7d 20 66 69
6e 61 6c 6c 79 20 7b 0d  0a 20 20 20 20 20 20 20
20 73 65 74 4c 6f 61 64  69 6e 67 28 66 61 6c 73
65 29 3b 0d 0a 20 20 20  20 20 20 7d 0d 0a 20 20
20 20 7d 3b 0d 0a 20 20  20 20 66 65 74 63 68 44
61 74 61 28 29 3b 0d 0a  20 20 7d 2c 20 5b 73 65
74 50 6f 72 74 66 6f 6c  69 6f 2c 20 73 65 74 57
61 6c 6c 65 74 5d 29 3b  0d 0a 0d 0a 20 20 75 73
65 45 66 66 65 63 74 28  28 29 20 3d 3e 20 7b 0d
0a 20 20 20 20 73 79 6e  63 57 61 6c 6c 65 74 46
72 6f 6d 53 65 73 73 69  6f 6e 28 29 3b 0d 0a 20
20 7d 2c 20 5b 73 74 61  62 6c 65 42 61 6c 61 6e
63 65 2c 20 73 79 6e 63  57 61 6c 6c 65 74 46 72
6f 6d 53 65 73 73 69 6f  6e 5d 29 3b 0d 0a 0d 0a
20 20 75 73 65 45 66 66  65 63 74 28 28 29 20 3d
3e 20 7b 0d 0a 20 20 20  20 63 6f 6e 73 74 20 6f
6e 46 6f 63 75 73 20 3d  20 28 29 20 3d 3e 20 76
6f 69 64 20 73 79 6e 63  53 65 73 73 69 6f 6e 46
72 6f 6d 41 70 69 28 29  3b 0d 0a 20 20 20 20 77
69 6e 64 6f 77 2e 61 64  64 45 76 65 6e 74 4c 69
73 74 65 6e 65 72 28 22  66 6f 63 75 73 22 2c 20
6f 6e 46 6f 63 75 73 29  3b 0d 0a 20 20 20 20 72
65 74 75 72 6e 20 28 29  20 3d 3e 20 77 69 6e 64
6f 77 2e 72 65 6d 6f 76  65 45 76 65 6e 74 4c 69
73 74 65 6e 65 72 28 22  66 6f 63 75 73 22 2c 20
6f 6e 46 6f 63 75 73 29  3b 0d 0a 20 20 7d 2c 20
5b 73 79 6e 63 53 65 73  73 69 6f 6e 46 72 6f 6d
41 70 69 5d 29 3b 0d 0a  0d 0a 20 20 75 73 65 45
66 66 65 63 74 28 28 29  20 3d 3e 20 7b 0d 0a 20
20 20 20 73 65 74 4c 6f  63 61 6c 50 6f 72 74 66
6f 6c 69 6f 28 28 70 72  65 76 29 20 3d 3e 20 28
70 72 65 76 20 3f 20 7b  20 2e 2e 2e 70 72 65 76
2c 20 63 61 73 68 42 61  6c 61 6e 63 65 3a 20 73
74 61 62 6c 65 42 61 6c  61 6e 63 65 20 7d 20 3a
20 70 72 65 76 29 29 3b  0d 0a 20 20 7d 2c 20 5b
73 74 61 62 6c 65 42 61  6c 61 6e 63 65 5d 29 3b
0d 0a 0d 0a 20 20 2f 2f  20 44 65 74 65 63 74 20
63 6f 6d 70 6f 75 6e 64  69 6e 67 20 63 61 74 63
68 2d 75 70 20 61 66 74  65 72 20 61 62 73 65 6e
63 65 0d 0a 20 20 75 73  65 45 66 66 65 63 74 28
28 29 20 3d 3e 20 7b 0d  0a 20 20 20 20 69 66 20
28 74 78 42 72 65 61 6b  64 6f 77 6e 2e 6c 65 6e
67 74 68 20 3d 3d 3d 20  30 29 20 72 65 74 75 72
6e 3b 0d 0a 20 20 20 20  63 6f 6e 73 74 20 6e 6f
77 20 3d 20 44 61 74 65  2e 6e 6f 77 28 29 3b 0d
0a 20 20 20 20 63 6f 6e  73 74 20 72 65 63 65 6e
74 54 69 6d 65 20 3d 20  6e 65 77 20 44 61 74 65
28 74 78 42 72 65 61 6b  64 6f 77 6e 5b 30 5d 3f
2e 74 69 6d 65 20 3f 3f  20 6e 6f 77 29 2e 67 65
74 54 69 6d 65 28 29 3b  0d 0a 20 20 20 20 63 6f
6e 73 74 20 67 61 70 20  3d 20 6e 6f 77 20 2d 20
72 65 63 65 6e 74 54 69  6d 65 3b 0d 0a 20 20 20
20 2f 2f 20 49 66 20 67  61 70 20 3e 20 31 30 20
6d 69 6e 75 74 65 73 2c  20 61 73 73 75 6d 65 20
63 6f 6d 70 6f 75 6e 64  69 6e 67 20 77 61 73 20
70 61 75 73 65 64 20 61  6e 64 20 63 61 75 67 68
74 20 75 70 0d 0a 20 20  20 20 69 66 20 28 67 61
70 20 3e 20 36 30 30 5f  30 30 30 29 20 7b 0d 0a
20 20 20 20 20 20 63 6f  6e 73 74 20 65 73 74 69
6d 61 74 65 64 4d 69 73  73 65 64 54 69 63 6b 73
20 3d 20 4d 61 74 68 2e  66 6c 6f 6f 72 28 67 61
70 20 2f 20 31 35 30 30  30 29 3b 20 2f 2f 20 72
6f 75 67 68 6c 79 20 65  76 65 72 79 20 31 35 73
0d 0a 20 20 20 20 20 20  73 65 74 4d 69 73 73 65
64 54 69 63 6b 73 28 65  73 74 69 6d 61 74 65 64
4d 69 73 73 65 64 54 69  63 6b 73 29 3b 0d 0a 20
20 20 20 20 20 73 65 74  53 68 6f 77 43 61 74 63
68 55 70 42 61 6e 6e 65  72 28 74 72 75 65 29 3b
0d 0a 20 20 20 20 20 20  63 6f 6e 73 74 20 74 69
6d 65 72 20 3d 20 73 65  74 54 69 6d 65 6f 75 74
28 28 29 20 3d 3e 20 73  65 74 53 68 6f 77 43 61
74 63 68 55 70 42 61 6e  6e 65 72 28 66 61 6c 73
65 29 2c 20 36 30 30 30  29 3b 0d 0a 20 20 20 20
20 20 72 65 74 75 72 6e  20 28 29 20 3d 3e 20 63
6c 65 61 72 54 69 6d 65  6f 75 74 28 74 69 6d 65
72 29 3b 0d 0a 20 20 20  20 7d 0d 0a 20 20 7d 2c
20 5b 74 78 42 72 65 61  6b 64 6f 77 6e 5d 29 3b
0d 0a 0d 0a 20 20 63 6f  6e 73 74 20 70 6e 6c 50
63 74 20 3d 20 70 6f 72  74 66 6f 6c 69 6f 20 3f
20 28 70 6f 72 74 66 6f  6c 69 6f 2e 74 6f 74 61
6c 43 6f 73 74 20 3e 20  30 20 3f 20 28 70 6f 72
74 66 6f 6c 69 6f 2e 74  6f 74 61 6c 50 6e 4c 20
2f 20 70 6f 72 74 66 6f  6c 69 6f 2e 74 6f 74 61
6c 43 6f 73 74 29 20 2a  20 31 30 30 20 3a 20 30
29 20 3a 20 30 3b 0d 0a  20 20 63 6f 6e 73 74 20
62 61 73 65 20 3d 20 70  6f 72 74 66 6f 6c 69 6f
3f 2e 74 6f 74 61 6c 56  61 6c 75 65 20 3f 3f 20
73 74 61 62 6c 65 42 61  6c 61 6e 63 65 3b 0d 0a
20 20 63 6f 6e 73 74 20  64 61 69 6c 79 52 65 74
20 3d 20 62 61 73 65 20  2a 20 30 2e 30 30 38 37
34 3b 0d 0a 20 20 63 6f  6e 73 74 20 77 65 65 6b
6c 79 52 65 74 20 3d 20  62 61 73 65 20 2a 20 30
2e 30 34 39 31 32 3b 0d  0a 20 20 63 6f 6e 73 74
20 6d 6f 6e 74 68 6c 79  52 65 74 20 3d 20 62 61
73 65 20 2a 20 30 2e 31  31 34 33 37 3b 0d 0a 20
20 63 6f 6e 73 74 20 64  61 69 6c 79 52 61 74 65
20 3d 20 30 2e 30 31 35  3b 0d 0a 0d 0a 20 20 63
6f 6e 73 74 20 61 6c 6c  6f 63 61 74 69 6f 6e 44
61 74 61 20 3d 20 61 6c  6c 6f 63 61 74 69 6f 6e
0d 0a 20 20 20 20 3f 20  4f 62 6a 65 63 74 2e 65
6e 74 72 69 65 73 28 61  6c 6c 6f 63 61 74 69 6f
6e 29 2e 66 69 6c 74 65  72 28 28 5b 6b 65 79 5d
29 20 3d 3e 20 6b 65 79  20 21 3d 3d 20 22 72 61
74 69 6f 6e 61 6c 65 22  29 2e 6d 61 70 28 28 5b
6e 61 6d 65 2c 20 76 61  6c 75 65 5d 29 20 3d 3e
20 28 7b 20 6e 61 6d 65  2c 20 76 61 6c 75 65 3a
20 4e 75 6d 62 65 72 28  76 61 6c 75 65 29 20 7d
29 29 0d 0a 20 20 20 20  3a 20 5b 5d 3b 0d 0a 0d
0a 20 20 63 6f 6e 73 74  20 7b 20 70 72 69 63 65
73 3a 20 6c 69 76 65 50  72 69 63 65 73 20 7d 20
3d 20 75 73 65 4d 61 72  6b 65 74 50 72 69 63 65
73 28 7b 20 72 65 66 72  65 73 68 49 6e 74 65 72
76 61 6c 3a 20 31 32 30  5f 30 30 30 20 7d 29 3b
0d 0a 0d 0a 20 20 75 73  65 45 66 66 65 63 74 28
28 29 20 3d 3e 20 7b 0d  0a 20 20 20 20 69 66 20
28 4f 62 6a 65 63 74 2e  6b 65 79 73 28 6c 69 76
65 50 72 69 63 65 73 29  2e 6c 65 6e 67 74 68 20
3d 3d 3d 20 30 29 20 72  65 74 75 72 6e 3b 0d 0a
20 20 20 20 73 65 74 54  6f 70 41 73 73 65 74 73
28 28 70 72 65 76 29 20  3d 3e 0d 0a 20 20 20 20
20 20 70 72 65 76 2e 6d  61 70 28 28 61 29 20 3d
3e 20 7b 0d 0a 20 20 20  20 20 20 20 20 63 6f 6e
73 74 20 6c 69 76 65 20  3d 20 6c 69 76 65 50 72
69 63 65 73 5b 61 2e 73  79 6d 62 6f 6c 5d 3b 0d
0a 20 20 20 20 20 20 20  20 72 65 74 75 72 6e 20
6c 69 76 65 20 3f 20 7b  20 2e 2e 2e 61 2c 20 70
72 69 63 65 3a 20 6c 69  76 65 2e 70 72 69 63 65
2c 20 70 72 69 63 65 43  68 61 6e 67 65 32 34 68
3a 20 6c 69 76 65 2e 63  68 61 6e 67 65 50 65 72
63 65 6e 74 32 34 68 20  7d 20 3a 20 61 3b 0d 0a
20 20 20 20 20 20 7d 29  0d 0a 20 20 20 20 29 3b
0d 0a 20 20 7d 2c 20 5b  6c 69 76 65 50 72 69 63
65 73 5d 29 3b 0d 0a 0d  0a 20 20 63 6f 6e 73 74
20 6c 69 76 65 44 65 6d  6f 41 73 73 65 74 73 20
3d 20 75 73 65 4d 65 6d  6f 28 0d 0a 20 20 20 20
28 29 20 3d 3e 0d 0a 20  20 20 20 20 20 44 45 4d
4f 5f 41 53 53 45 54 53  2e 6d 61 70 28 28 61 29
20 3d 3e 20 7b 0d 0a 20  20 20 20 20 20 20 20 63
6f 6e 73 74 20 6c 69 76  65 20 3d 20 6c 69 76 65
50 72 69 63 65 73 5b 61  2e 73 79 6d 62 6f 6c 20
3f 3f 20 22 22 5d 3b 0d  0a 20 20 20 20 20 20 20
20 72 65 74 75 72 6e 20  6c 69 76 65 20 3f 20 7b
20 2e 2e 2e 61 2c 20 70  72 69 63 65 3a 20 6c 69
76 65 2e 70 72 69 63 65  2c 20 70 72 69 63 65 43
68 61 6e 67 65 32 34 68  3a 20 6c 69 76 65 2e 63
68 61 6e 67 65 50 65 72  63 65 6e 74 32 34 68 20
7d 20 3a 20 61 3b 0d 0a  20 20 20 20 20 20 7d 29
2c 0d 0a 20 20 20 20 5b  6c 69 76 65 50 72 69 63
65 73 5d 2c 0d 0a 20 20  29 3b 0d 0a 0d 0a 20 20
63 6f 6e 73 74 20 76 6f  6c 75 6d 65 44 61 74 61
20 3d 20 75 73 65 4d 65  6d 6f 28 28 29 20 3d 3e
20 7b 0d 0a 20 20 20 20  63 6f 6e 73 74 20 73 65
65 64 20 3d 20 5b 30 2e  37 32 2c 20 30 2e 33 31
2c 20 30 2e 38 39 2c 20  30 2e 34 34 2c 20 30 2e
36 37 2c 20 30 2e 31 38  2c 20 30 2e 39 33 2c 20
30 2e 35 36 2c 20 30 2e  33 38 2c 20 30 2e 38 31
2c 20 30 2e 32 35 2c 20  30 2e 36 34 2c 20 30 2e
34 37 2c 20 30 2e 37 36  2c 20 30 2e 35 33 5d 3b
0d 0a 20 20 20 20 63 6f  6e 73 74 20 64 61 74 61
20 3d 20 5b 5d 3b 0d 0a  20 20 20 20 63 6f 6e 73
74 20 6e 6f 77 20 3d 20  6e 65 77 20 44 61 74 65
28 29 3b 0d 0a 20 20 20  20 66 6f 72 20 28 6c 65
74 20 69 20 3d 20 31 34  3b 20 69 20 3e 3d 20 30
3b 20 69 2d 2d 29 20 7b  0d 0a 20 20 20 20 20 20
63 6f 6e 73 74 20 64 20  3d 20 6e 65 77 20 44 61
74 65 28 6e 6f 77 29 3b  0d 0a 20 20 20 20 20 20
64 2e 73 65 74 44 61 74  65 28 64 2e 67 65 74 44
61 74 65 28 29 20 2d 20  69 29 3b 0d 0a 20 20 20
20 20 20 63 6f 6e 73 74  20 73 20 3d 20 73 65 65
64 5b 31 34 20 2d 20 69  5d 3b 0d 0a 20 20 20 20
20 20 64 61 74 61 2e 70  75 73 68 28 7b 0d 0a 20
20 20 20 20 20 20 20 64  61 74 65 3a 20 64 2e 74
6f 4c 6f 63 61 6c 65 44  61 74 65 53 74 72 69 6e
67 28 22 65 6e 2d 55 53  22 2c 20 7b 20 6d 6f 6e
74 68 3a 20 22 73 68 6f  72 74 22 2c 20 64 61 79
3a 20 22 6e 75 6d 65 72  69 63 22 20 7d 29 2c 0d
0a 20 20 20 20 20 20 20  20 76 6f 6c 75 6d 65 3a
20 4d 61 74 68 2e 72 6f  75 6e 64 28 73 20 2a 20
35 30 30 30 30 30 20 2b  20 31 30 30 30 30 30 29
2c 0d 0a 20 20 20 20 20  20 20 20 74 72 61 64 65
73 3a 20 4d 61 74 68 2e  72 6f 75 6e 64 28 73 20
2a 20 38 30 20 2b 20 32  30 29 2c 0d 0a 20 20 20
20 20 20 7d 29 3b 0d 0a  20 20 20 20 7d 0d 0a 20
20 20 20 72 65 74 75 72  6e 20 64 61 74 61 3b 0d
0a 20 20 7d 2c 20 5b 5d  29 3b 0d 0a 0d 0a 20 20
63 6f 6e 73 74 20 7b 20  69 73 41 72 6d 65 64 20
7d 20 3d 20 75 73 65 58  45 6e 67 69 6e 65 28 29
3b 0d 0a 20 20 63 6f 6e  73 74 20 70 6f 72 74 66
6f 6c 69 6f 56 61 6c 75  65 20 3d 20 70 6f 72 74
66 6f 6c 69 6f 3f 2e 74  6f 74 61 6c 56 61 6c 75
65 20 3f 3f 20 73 74 61  62 6c 65 42 61 6c 61 6e
63 65 3b 0d 0a 20 20 63  6f 6e 73 74 20 6c 69 71
75 69 64 43 61 73 68 20  3d 20 73 74 61 62 6c 65
42 61 6c 61 6e 63 65 3b  0d 0a 0d 0a 20 20 2f 2f
20 4c 69 76 65 20 63 6f  6d 70 6f 75 6e 64 20 70
72 6f 6a 65 63 74 69 6f  6e 73 0d 0a 20 20 63 6f
6e 73 74 20 70 72 6f 6a  31 64 20 3d 20 70 72 6f
6a 65 63 74 43 6f 6d 70  6f 75 6e 64 28 73 74 61
62 6c 65 42 61 6c 61 6e  63 65 2c 20 64 61 69 6c
79 52 61 74 65 2c 20 31  29 3b 0d 0a 20 20 63 6f
6e 73 74 20 70 72 6f 6a  37 64 20 3d 20 70 72 6f
6a 65 63 74 43 6f 6d 70  6f 75 6e 64 28 73 74 61
62 6c 65 42 61 6c 61 6e  63 65 2c 20 64 61 69 6c
79 52 61 74 65 2c 20 37  29 3b 0d 0a 20 20 63 6f
6e 73 74 20 70 72 6f 6a  33 30 64 20 3d 20 70 72
6f 6a 65 63 74 43 6f 6d  70 6f 75 6e 64 28 73 74
61 62 6c 65 42 61 6c 61  6e 63 65 2c 20 64 61 69
6c 79 52 61 74 65 2c 20  33 30 29 3b 0d 0a 20 20
63 6f 6e 73 74 20 70 72  6f 6a 39 30 64 20 3d 20
70 72 6f 6a 65 63 74 43  6f 6d 70 6f 75 6e 64 28
73 74 61 62 6c 65 42 61  6c 61 6e 63 65 2c 20 64
61 69 6c 79 52 61 74 65  2c 20 39 30 29 3b 0d 0a
0d 0a 20 20 2f 2f 20 4c  69 76 65 20 74 78 20 62
72 65 61 6b 64 6f 77 6e  20 e2 80 94 20 6d 65 72
67 65 20 41 50 49 20 74  72 61 6e 73 61 63 74 69
6f 6e 73 20 2b 20 70 72  6f 66 69 74 20 65 6e 67
69 6e 65 20 74 78 0d 0a  20 20 63 6f 6e 73 74 20
6c 69 76 65 54 78 46 65  65 64 20 3d 20 75 73 65
4d 65 6d 6f 28 28 29 20  3d 3e 20 7b 0d 0a 20 20
20 20 63 6f 6e 73 74 20  65 6e 67 69 6e 65 54 78
20 3d 20 74 78 42 72 65  61 6b 64 6f 77 6e 2e 73
6c 69 63 65 28 30 2c 20  31 30 29 2e 6d 61 70 28
28 74 78 29 20 3d 3e 20  28 7b 0d 0a 20 20 20 20
20 20 69 64 3a 20 74 78  2e 69 64 2c 0d 0a 20 20
20 20 20 20 74 69 6d 65  3a 20 74 78 2e 74 69 6d
65 2c 0d 0a 20 20 20 20  20 20 74 79 70 65 3a 20
74 78 2e 74 79 70 65 2c  0d 0a 20 20 20 20 20 20
61 6d 6f 75 6e 74 3a 20  74 78 2e 61 6d 6f 75 6e
74 2c 0d 0a 20 20 20 20  20 20 62 61 6c 61 6e 63
65 41 66 74 65 72 3a 20  74 78 2e 62 61 6c 61 6e
63 65 41 66 74 65 72 2c  0d 0a 20 20 20 20 20 20
6c 61 62 65 6c 3a 20 74  78 2e 73 6f 75 72 63 65
20 3d 3d 3d 20 22 63 6f  6d 70 6f 75 6e 64 22 20
3f 20 22 43 6f 6d 70 6f  75 6e 64 20 59 69 65 6c
64 22 20 3a 20 74 78 2e  73 6f 75 72 63 65 2c 0d
0a 20 20 20 20 7d 29 29  3b 0d 0a 20 20 20 20 63
6f 6e 73 74 20 61 70 69  54 78 20 3d 20 74 72 61
6e 73 61 63 74 69 6f 6e  73 2e 73 6c 69 63 65 28
30 2c 20 35 29 2e 6d 61  70 28 28 74 78 29 20 3d
3e 20 28 7b 0d 0a 20 20  20 20 20 20 69 64 3a 20
74 78 2e 69 64 2c 0d 0a  20 20 20 20 20 20 74 69
6d 65 3a 20 74 78 2e 63  72 65 61 74 65 64 41 74
2c 0d 0a 20 20 20 20 20  20 74 79 70 65 3a 20 74
78 2e 74 79 70 65 2c 0d  0a 20 20 20 20 20 20 61
6d 6f 75 6e 74 3a 20 74  78 2e 61 6d 6f 75 6e 74
2c 0d 0a 20 20 20 20 20  20 62 61 6c 61 6e 63 65
41 66 74 65 72 3a 20 74  78 2e 6d 65 74 61 64 61
74 61 3f 2e 62 61 6c 61  6e 63 65 41 66 74 65 72
20 3f 3f 20 73 74 61 62  6c 65 42 61 6c 61 6e 63
65 2c 0d 0a 20 20 20 20  20 20 6c 61 62 65 6c 3a
20 74 78 2e 74 79 70 65  2e 72 65 70 6c 61 63 65
28 2f 5f 2f 67 2c 20 22  20 22 29 2c 0d 0a 20 20
20 20 7d 29 29 3b 0d 0a  20 20 20 20 2f 2f 20 49
6e 74 65 72 6c 65 61 76  65 2c 20 6e 65 77 65 73
74 20 66 69 72 73 74 0d  0a 20 20 20 20 63 6f 6e
73 74 20 61 6c 6c 20 3d  20 5b 2e 2e 2e 65 6e 67
69 6e 65 54 78 2c 20 2e  2e 2e 61 70 69 54 78 5d
2e 73 6f 72 74 28 28 61  2c 20 62 29 20 3d 3e 20
6e 65 77 20 44 61 74 65  28 62 2e 74 69 6d 65 29
2e 67 65 74 54 69 6d 65  28 29 20 2d 20 6e 65 77
20 44 61 74 65 28 61 2e  74 69 6d 65 29 2e 67 65
74 54 69 6d 65 28 29 29  3b 0d 0a 20 20 20 20 72
65 74 75 72 6e 20 73 68  6f 77 41 6c 6c 54 78 20
3f 20 61 6c 6c 20 3a 20  61 6c 6c 2e 73 6c 69 63
65 28 30 2c 20 38 29 3b  0d 0a 20 20 7d 2c 20 5b
74 78 42 72 65 61 6b 64  6f 77 6e 2c 20 74 72 61
6e 73 61 63 74 69 6f 6e  73 2c 20 73 68 6f 77 41
6c 6c 54 78 2c 20 73 74  61 62 6c 65 42 61 6c 61
6e 63 65 5d 29 3b 0d 0a  0d 0a 20 20 72 65 74 75
72 6e 20 28 0d 0a 20 20  20 20 3c 44 61 73 68 62
6f 61 72 64 4c 61 79 6f  75 74 20 74 69 74 6c 65
3d 22 4f 76 65 72 76 69  65 77 22 20 73 75 62 74
69 74 6c 65 3d 7b 60 4f  70 65 72 61 74 6f 72 20
24 7b 75 73 65 72 3f 2e  66 69 72 73 74 4e 61 6d
65 20 3f 3f 20 22 6e 6f  64 65 22 7d 60 7d 20 77
69 64 65 3e 0d 0a 20 20  20 20 20 20 3c 64 69 76
20 63 6c 61 73 73 4e 61  6d 65 3d 22 73 70 61 63
65 2d 79 2d 38 22 3e 0d  0a 20 20 20 20 20 20 20
20 7b 73 65 73 73 69 6f  6e 55 73 65 72 3f 2e 6b
79 63 53 74 61 74 75 73  20 21 3d 3d 20 22 41 50
50 52 4f 56 45 44 22 20  26 26 20 28 0d 0a 20 20
20 20 20 20 20 20 20 20  3c 64 69 76 20 63 6c 61
73 73 4e 61 6d 65 3d 22  66 6c 65 78 20 66 6c 65
78 2d 63 6f 6c 20 73 6d  3a 66 6c 65 78 2d 72 6f
77 20 73 6d 3a 69 74 65  6d 73 2d 63 65 6e 74 65
72 20 6a 75 73 74 69 66  79 2d 62 65 74 77 65 65
6e 20 67 61 70 2d 33 20  62 67 2d 77 68 69 74 65
2f 5b 30 2e 30 33 5d 20  62 6f 72 64 65 72 20 62
6f 72 64 65 72 2d 77 68  69 74 65 2f 5b 30 2e 31
30 5d 2f 34 30 20 72 6f  75 6e 64 65 64 2d 78 6c
20 70 78 2d 34 20 73 6d  3a 70 78 2d 35 20 70 79
2d 33 22 3e 0d 0a 20 20  20 20 20 20 20 20 20 20
20 20 3c 64 69 76 3e 0d  0a 20 20 20 20 20 20 20
20 20 20 20 20 20 20 3c  73 70 61 6e 20 63 6c 61
73 73 4e 61 6d 65 3d 22  74 65 78 74 2d 77 68 69
74 65 2f 35 30 20 66 6f  6e 74 2d 73 65 6d 69 62
6f 6c 64 20 74 65 78 74  2d 73 6d 22 3e 4b 59 43
20 56 65 72 69 66 69 63  61 74 69 6f 6e 20 52 65
71 75 69 72 65 64 3c 2f  73 70 61 6e 3e 0d 0a 20
20 20 20 20 20 20 20 20  20 20 20 20 20 3c 73 70
61 6e 20 63 6c 61 73 73  4e 61 6d 65 3d 22 74 65
78 74 2d 78 63 2d 6d 75  74 65 64 20 74 65 78 74
2d 73 6d 20 6d 6c 2d 32  22 3e e2 80 94 20 43 6f
6d 70 6c 65 74 65 20 69  64 65 6e 74 69 74 79 20
76 65 72 69 66 69 63 61  74 69 6f 6e 20 74 6f 20
75 6e 6c 6f 63 6b 20 74  72 61 64 69 6e 67 2e 3c
2f 73 70 61 6e 3e 0d 0a  20 20 20 20 20 20 20 20
20 20 20 20 3c 2f 64 69  76 3e 0d 0a 20 20 20 20
20 20 20 20 20 20 20 20  3c 4c 69 6e 6b 20 68 72
65 66 3d 22 2f 73 65 74  74 69 6e 67 73 2f 6b 79
63 22 20 63 6c 61 73 73  4e 61 6d 65 3d 22 74 65
78 74 2d 78 73 20 62 67  2d 61 6d 62 65 72 2d 36
30 30 20 68 6f 76 65 72  3a 62 67 2d 61 6d 62 65
72 2d 35 30 30 20 74 65  78 74 2d 77 68 69 74 65
20 70 78 2d 34 20 70 79  2d 31 2e 35 20 72 6f 75
6e 64 65 64 2d 6c 67 20  66 6f 6e 74 2d 62 6f 6c
64 20 74 72 61 6e 73 69  74 69 6f 6e 2d 63 6f 6c
6f 72 73 20 73 68 72 69  6e 6b 2d 30 20 73 65 6c
66 2d 73 74 61 72 74 20  73 6d 3a 73 65 6c 66 2d
63 65 6e 74 65 72 22 3e  0d 0a 20 20 20 20 20 20
20 20 20 20 20 20 20 20  56 65 72 69 66 79 20 4e
6f 77 0d 0a 20 20 20 20  20 20 20 20 20 20 20 20
3c 2f 4c 69 6e 6b 3e 0d  0a 20 20 20 20 20 20 20
20 20 20 3c 2f 64 69 76  3e 0d 0a 20 20 20 20 20
20 20 20 29 7d 0d 0a 0d  0a 20 20 20 20 20 20 20
20 7b 2f 2a 20 e2 94 80  e2 94 80 e2 94 80 20 53
45 43 54 49 4f 4e 20 31  3a 20 43 61 70 69 74 61
6c 20 4f 76 65 72 76 69  65 77 20 e2 94 80 e2 94
80 e2 94 80 20 2a 2f 7d  0d 0a 20 20 20 20 20 20
20 20 3c 73 65 63 74 69  6f 6e 20 63 6c 61 73 73
4e 61 6d 65 3d 22 62 6f  72 64 65 72 20 62 6f 72
64 65 72 2d 77 68 69 74  65 2f 5b 30 2e 30 38 5d
20 72 6f 75 6e 64 65 64  2d 32 78 6c 20 62 67 2d
5b 23 30 61 30 61 30 66  5d 20 6f 76 65 72 66 6c
6f 77 2d 68 69 64 64 65  6e 22 3e 0d 0a 20 20 20
20 20 20 20 20 20 20 3c  64 69 76 20 63 6c 61 73
73 4e 61 6d 65 3d 22 67  72 69 64 20 6c 67 3a 67
72 69 64 2d 63 6f 6c 73  2d 31 32 20 64 69 76 69
64 65 2d 79 20 6c 67 3a  64 69 76 69 64 65 2d 79
2d 30 20 6c 67 3a 64 69  76 69 64 65 2d 78 20 64
69 76 69 64 65 2d 77 68  69 74 65 2f 5b 30 2e 30
36 5d 22 3e 0d 0a 20 20  20 20 20 20 20 20 20 20
20 20 3c 64 69 76 20 63  6c 61 73 73 4e 61 6d 65
3d 22 6c 67 3a 63 6f 6c  2d 73 70 61 6e 2d 35 20
70 2d 36 20 73 6d 3a 70  2d 38 20 72 65 6c 61 74
69 76 65 20 6f 76 65 72  66 6c 6f 77 2d 68 69 64
64 65 6e 22 3e 0d 0a 20  20 20 20 20 20 20 20 20
20 20 20 20 20 3c 64 69  76 20 63 6c 61 73 73 4e
61 6d 65 3d 22 61 62 73  6f 6c 75 74 65 20 69 6e
73 65 74 2d 30 20 62 67  2d 67 72 61 64 69 65 6e
74 2d 74 6f 2d 62 72 20  66 72 6f 6d 2d 77 68 69
74 65 2f 5b 30 2e 30 32  5d 20 76 69 61 2d 74 72
61 6e 73 70 61 72 65 6e  74 20 74 6f 2d 65 6d 65
72 61 6c 64 2d 39 30 30  2f 31 30 20 70 6f 69 6e
74 65 72 2d 65 76 65 6e  74 73 2d 6e 6f 6e 65 22
20 2f 3e 0d 0a 20 20 20  20 20 20 20 20 20 20 20
20 20 20 3c 64 69 76 20  63 6c 61 73 73 4e 61 6d
65 3d 22 72 65 6c 61 74  69 76 65 20 7a 2d 31 30
22 3e 0d 0a 20 20 20 20  20 20 20 20 20 20 20 20
20 20 20 20 3c 70 20 63  6c 61 73 73 4e 61 6d 65
3d 22 74 65 78 74 2d 5b  31 31 70 78 5d 20 66 6f
6e 74 2d 6d 6f 6e 6f 20  75 70 70 65 72 63 61 73
65 20 74 72 61 63 6b 69  6e 67 2d 5b 30 2e 33 32
65 6d 5d 20 74 65 78 74  2d 77 68 69 74 65 2f 34
30 20 6d 62 2d 33 20 66  6c 65 78 20 69 74 65 6d
73 2d 63 65 6e 74 65 72  20 67 61 70 2d 32 22 3e
0d 0a 20 20 20 20 20 20  20 20 20 20 20 20 20 20
20 20 20 20 3c 73 70 61  6e 20 63 6c 61 73 73 4e
61 6d 65 3d 22 77 2d 31  2e 35 20 68 2d 31 2e 35
20 72 6f 75 6e 64 65 64  2d 66 75 6c 6c 20 62 67
2d 65 6d 65 72 61 6c 64  2d 34 30 30 20 61 6e 69
6d 61 74 65 2d 70 75 6c  73 65 22 20 2f 3e 0d 0a
20 20 20 20 20 20 20 20  20 20 20 20 20 20 20 20
20 20 43 61 70 69 74 61  6c 20 6f 76 65 72 76 69
65 77 0d 0a 20 20 20 20  20 20 20 20 20 20 20 20
20 20 20 20 3c 2f 70 3e  0d 0a 20 20 20 20 20 20
20 20 20 20 20 20 20 20  20 20 3c 70 20 63 6c 61
73 73 4e 61 6d 65 3d 22  74 65 78 74 2d 33 78 6c
20 73 6d 3a 74 65 78 74  2d 34 78 6c 20 66 6f 6e
74 2d 62 6c 61 63 6b 20  74 65 78 74 2d 77 68 69
74 65 20 74 61 62 75 6c  61 72 2d 6e 75 6d 73 20
74 72 61 63 6b 69 6e 67  2d 74 69 67 68 74 22 3e
7b 66 6f 72 6d 61 74 43  75 72 72 65 6e 63 79 28
70 6f 72 74 66 6f 6c 69  6f 56 61 6c 75 65 29 7d
3c 2f 70 3e 0d 0a 20 20  20 20 20 20 20 20 20 20
20 20 20 20 20 20 3c 64  69 76 20 63 6c 61 73 73
4e 61 6d 65 3d 22 66 6c  65 78 20 69 74 65 6d 73
2d 63 65 6e 74 65 72 20  67 61 70 2d 33 20 6d 74
2d 32 22 3e 0d 0a 20 20  20 20 20 20 20 20 20 20
20 20 20 20 20 20 20 20  3c 73 70 61 6e 20 63 6c
61 73 73 4e 61 6d 65 3d  22 74 65 78 74 2d 5b 31
30 70 78 5d 20 66 6f 6e  74 2d 6d 6f 6e 6f 20 74
65 78 74 2d 65 6d 65 72  61 6c 64 2d 34 30 30 2f
37 30 20 74 72 61 63 6b  69 6e 67 2d 77 69 64 65
72 20 70 78 2d 32 20 70  79 2d 30 2e 35 20 72 6f
75 6e 64 65 64 2d 66 75  6c 6c 20 62 67 2d 65 6d
65 72 61 6c 64 2d 39 35  30 2f 34 30 20 62 6f 72
64 65 72 20 62 6f 72 64  65 72 2d 65 6d 65 72 61
6c 64 2d 38 30 30 2f 33  30 22 3e 53 45 54 54 4c
45 44 3c 2f 73 70 61 6e  3e 0d 0a 20 20 20 20 20
20 20 20 20 20 20 20 20  20 20 20 20 20 3c 73 70
61 6e 20 63 6c 61 73 73  4e 61 6d 65 3d 22 74 65
78 74 2d 5b 31 30 70 78  5d 20 66 6f 6e 74 2d 6d
6f 6e 6f 20 74 65 78 74  2d 77 68 69 74 65 2f 33
30 20 74 72 61 63 6b 69  6e 67 2d 77 69 64 65 72
22 3e 52 45 41 4c 2d 54  49 4d 45 20 c2 b7 20 41
55 44 49 54 45 44 3c 2f  73 70 61 6e 3e 0d 0a 20
20 20 20 20 20 20 20 20  20 20 20 20 20 20 20 3c
2f 64 69 76 3e 0d 0a 20  20 20 20 20 20 20 20 20
20 20 20 20 20 3c 2f 64  69 76 3e 0d 0a 20 20 20
20 20 20 20 20 20 20 20  20 3c 2f 64 69 76 3e 0d
0a 20 20 20 20 20 20 20  20 20 20 20 20 3c 64 69
76 20 63 6c 61 73 73 4e  61 6d 65 3d 22 6c 67 3a
63 6f 6c 2d 73 70 61 6e  2d 33 20 70 2d 36 20 73
6d 3a 70 2d 38 20 66 6c  65 78 20 66 6c 65 78 2d
63 6f 6c 20 6a 75 73 74  69 66 79 2d 63 65 6e 74
65 72 22 3e 0d 0a 20 20  20 20 20 20 20 20 20 20
20 20 20 20 3c 70 20 63  6c 61 73 73 4e 61 6d 65
3d 22 74 65 78 74 2d 5b  31 31 70 78 5d 20 66 6f
6e 74 2d 6d 6f 6e 6f 20  75 70 70 65 72 63 61 73
65 20 74 72 61 63 6b 69  6e 67 2d 5b 30 2e 32 38
65 6d 5d 20 74 65 78 74  2d 77 68 69 74 65 2f 34
30 20 6d 62 2d 32 22 3e  4c 69 71 75 69 64 20 63
61 70 69 74 61 6c 3c 2f  70 3e 0d 0a 20 20 20 20
20 20 20 20 20 20 20 20  20 20 3c 70 20 63 6c 61
73 73 4e 61 6d 65 3d 22  74 65 78 74 2d 32 78 6c
20 66 6f 6e 74 2d 62 6c  61 63 6b 20 74 65 78 74
2d 77 68 69 74 65 20 74  61 62 75 6c 61 72 2d 6e
75 6d 73 22 3e 7b 66 6f  72 6d 61 74 43 75 72 72
65 6e 63 79 28 6c 69 71  75 69 64 43 61 73 68 29
7d 3c 2f 70 3e 0d 0a 20  20 20 20 20 20 20 20 20
20 20 20 20 20 3c 70 20  63 6c 61 73 73 4e 61 6d
65 3d 22 74 65 78 74 2d  78 73 20 74 65 78 74 2d
78 63 2d 6d 75 74 65 64  20 6d 74 2d 32 22 3e 41
76 61 69 6c 61 62 6c 65  20 66 6f 72 20 64 65 70
6c 6f 79 6d 65 6e 74 3c  2f 70 3e 0d 0a 20 20 20
20 20 20 20 20 20 20 20  20 3c 2f 64 69 76 3e 0d
0a 20 20 20 20 20 20 20  20 20 20 20 20 3c 64 69
76 20 63 6c 61 73 73 4e  61 6d 65 3d 22 6c 67 3a
63 6f 6c 2d 73 70 61 6e  2d 34 20 70 2d 36 20 73
6d 3a 70 2d 38 20 66 6c  65 78 20 66 6c 65 78 2d
63 6f 6c 20 6a 75 73 74  69 66 79 2d 63 65 6e 74
65 72 20 62 6f 72 64 65  72 2d 74 20 6c 67 3a 62
6f 72 64 65 72 2d 74 2d  30 20 6c 67 3a 62 6f 72
64 65 72 2d 6c 20 62 6f  72 64 65 72 2d 77 68 69
74 65 2f 5b 30 2e 30 36  5d 22 3e 0d 0a 20 20 20
20 20 20 20 20 20 20 20  20 20 20 3c 70 20 63 6c
61 73 73 4e 61 6d 65 3d  22 74 65 78 74 2d 5b 31
31 70 78 5d 20 66 6f 6e  74 2d 6d 6f 6e 6f 20 75
70 70 65 72 63 61 73 65  20 74 72 61 63 6b 69 6e
67 2d 5b 30 2e 32 38 65  6d 5d 20 74 65 78 74 2d
77 68 69 74 65 2f 34 30  20 6d 62 2d 32 22 3e 54
6f 74 61 6c 20 72 65 74  75 72 6e 3c 2f 70 3e 0d
0a 20 20 20 20 20 20 20  20 20 20 20 20 20 20 3c
70 20 63 6c 61 73 73 4e  61 6d 65 3d 7b 63 6e 28
22 74 65 78 74 2d 32 78  6c 20 66 6f 6e 74 2d 62
6c 61 63 6b 20 74 61 62  75 6c 61 72 2d 6e 75 6d
73 22 2c 20 70 6e 6c 50  63 74 20 3e 3d 20 30 20
3f 20 22 74 65 78 74 2d  65 6d 65 72 61 6c 64 2d
34 30 30 22 20 3a 20 22  74 65 78 74 2d 72 6f 73
65 2d 34 30 30 22 29 7d  3e 7b 66 6f 72 6d 61 74
50 65 72 63 65 6e 74 28  70 6e 6c 50 63 74 29 7d
3c 2f 70 3e 0d 0a 20 20  20 20 20 20 20 20 20 20
20 20 20 20 3c 70 20 63  6c 61 73 73 4e 61 6d 65
3d 22 74 65 78 74 2d 78  73 20 74 65 78 74 2d 78
63 2d 6d 75 74 65 64 20  6d 74 2d 32 22 3e 7b 70
6f 72 74 66 6f 6c 69 6f  3f 2e 74 6f 74 61 6c 50
6e 4c 20 21 3d 20 6e 75  6c 6c 20 3f 20 60 24 7b
66 6f 72 6d 61 74 43 75  72 72 65 6e 63 79 28 70
6f 72 74 66 6f 6c 69 6f  2e 74 6f 74 61 6c 50 6e
4c 29 7d 20 75 6e 72 65  61 6c 69 7a 65 64 60 20
3a 20 22 50 6f 72 74 66  6f 6c 69 6f 20 70 65 72
66 6f 72 6d 61 6e 63 65  22 7d 3c 2f 70 3e 0d 0a
20 20 20 20 20 20 20 20  20 20 20 20 3c 2f 64 69
76 3e 0d 0a 20 20 20 20  20 20 20 20 20 20 3c 2f
64 69 76 3e 0d 0a 20 20  20 20 20 20 20 20 3c 2f
73 65 63 74 69 6f 6e 3e  0d 0a 0d 0a 20 20 20 20
20 20 20 20 7b 21 69 73  41 72 6d 65 64 20 26 26
20 28 0d 0a 20 20 20 20  20 20 20 20 20 20 3c 4d
69 73 73 69 6f 6e 50 61  6e 65 6c 20 74 69 74 6c
65 3d 7b 45 4e 47 49 4e  45 5f 43 4f 50 59 2e 6e
6f 64 65 43 6f 6c 64 7d  20 63 6f 64 65 3d 22 4f
50 53 2d 30 30 22 3e 0d  0a 20 20 20 20 20 20 20
20 20 20 20 20 3c 70 20  63 6c 61 73 73 4e 61 6d
65 3d 22 74 65 78 74 2d  73 6d 20 74 65 78 74 2d
77 68 69 74 65 2f 35 35  20 6d 62 2d 36 20 6d 61
78 2d 77 2d 32 78 6c 20  6c 65 61 64 69 6e 67 2d
72 65 6c 61 78 65 64 22  3e 0d 0a 20 20 20 20 20
20 20 20 20 20 20 20 20  20 7b 45 4e 47 49 4e 45
5f 43 4f 50 59 2e 6e 6f  64 65 43 6f 6c 64 7d 2e
20 7b 45 4e 47 49 4e 45  5f 43 4f 50 59 2e 67 72
6f 75 6e 64 48 6f 6c 64  7d 2e 20 4f 70 65 6e 20
74 68 65 20 63 61 70 69  74 61 6c 20 75 70 6c 69
6e 6b 20 74 6f 20 73 65  71 75 65 6e 63 65 20 72
61 69 6c 20 61 72 6d 69  6e 67 20 61 63 72 6f 73
73 20 65 78 65 63 75 74  69 6f 6e 2c 20 68 6f 6c
64 69 6e 67 73 2c 20 66  75 6e 64 73 2c 20 63 6f
6d 6d 65 72 63 65 2c 20  61 6e 64 20 6f 72 61 63
6c 65 20 6d 6f 64 75 6c  65 73 2e 0d 0a 20 20 20
20 20 20 20 20 20 20 20  20 3c 2f 70 3e 0d 0a 20
20 20 20 20 20 20 20 20  20 20 20 3c 4c 69 6e 6b
20 68 72 65 66 3d 22 2f  77 61 6c 6c 65 74 22 20
63 6c 61 73 73 4e 61 6d  65 3d 22 69 6e 6c 69 6e
65 2d 66 6c 65 78 20 70  78 2d 36 20 70 79 2d 33
20 62 67 2d 77 68 69 74  65 20 74 65 78 74 2d 62
6c 61 63 6b 20 74 65 78  74 2d 73 6d 20 66 6f 6e
74 2d 62 6f 6c 64 20 72  6f 75 6e 64 65 64 2d 66
75 6c 6c 20 68 6f 76 65  72 3a 62 67 2d 73 6c 61
74 65 2d 31 30 30 22 3e  0d 0a 20 20 20 20 20 20
20 20 20 20 20 20 20 20  7b 45 4e 47 49 4e 45 5f
43 4f 50 59 2e 75 70 6c  69 6e 6b 7d 0d 0a 20 20
20 20 20 20 20 20 20 20  20 20 3c 2f 4c 69 6e 6b
3e 0d 0a 20 20 20 20 20  20 20 20 20 20 3c 2f 4d
69 73 73 69 6f 6e 50 61  6e 65 6c 3e 0d 0a 20 20
20 20 20 20 20 20 29 7d  0d 0a 0d 0a 20 20 20 20
20 20 20 20 3c 50 68 61  73 65 54 72 61 63 6b 20
2f 3e 0d 0a 20 20 20 20  20 20 20 20 3c 52 61 69
6c 41 63 63 65 73 73 53  74 72 69 70 20 2f 3e 0d
0a 0d 0a 20 20 20 20 20  20 20 20 7b 2f 2a 20 e2
94 80 e2 94 80 e2 94 80  20 53 45 43 54 49 4f 4e
20 32 3a 20 43 61 70 69  74 61 6c 20 55 70 6c 69
6e 6b 20 28 61 6c 77 61  79 73 20 76 69 73 69 62
6c 65 20 e2 80 94 20 70  6f 73 69 74 69 6f 6e 20
23 32 29 20 e2 94 80 e2  94 80 e2 94 80 20 2a 2f
7d 0d 0a 20 20 20 20 20  20 20 20 3c 73 65 63 74
69 6f 6e 20 63 6c 61 73  73 4e 61 6d 65 3d 22 62
6f 72 64 65 72 20 62 6f  72 64 65 72 2d 77 68 69
74 65 2f 5b 30 2e 30 38  5d 20 72 6f 75 6e 64 65
64 2d 32 78 6c 20 62 67  2d 5b 23 30 61 30 61 30
66 5d 20 6f 76 65 72 66  6c 6f 77 2d 68 69 64 64
65 6e 22 3e 0d 0a 20 20  20 20 20 20 20 20 20 20
20 20 3c 64 69 76 20 63  6c 61 73 73 4e 61 6d 65
3d 22 70 2d 34 20 73 6d  3a 70 2d 36 20 6d 64 3a
70 2d 38 22 3e 0d 0a 20  20 20 20 20 20 20 20 20
20 20 20 20 20 3c 64 69  76 20 63 6c 61 73 73 4e
61 6d 65 3d 22 66 6c 65  78 20 69 74 65 6d 73 2d
73 74 61 72 74 20 6a 75  73 74 69 66 79 2d 62 65
74 77 65 65 6e 20 6d 62  2d 36 20 66 6c 65 78 2d
77 72 61 70 20 67 61 70  2d 34 22 3e 0d 0a 20 20
20 20 20 20 20 20 20 20  20 20 20 20 20 20 3c 64
69 76 20 63 6c 61 73 73  4e 61 6d 65 3d 22 66 6c
65 78 20 69 74 65 6d 73  2d 63 65 6e 74 65 72 20
67 61 70 2d 33 22 3e 0d  0a 20 20 20 20 20 20 20
20 20 20 20 20 20 20 20  20 20 20 3c 64 69 76 20
63 6c 61 73 73 4e 61 6d  65 3d 22 77 2d 39 20 68
2d 39 20 72 6f 75 6e 64  65 64 2d 78 6c 20 62 67
2d 65 6d 65 72 61 6c 64  2d 39 35 30 2f 34 30 20
62 6f 72 64 65 72 20 62  6f 72 64 65 72 2d 65 6d
65 72 61 6c 64 2d 38 30  30 2f 33 30 20 66 6c 65
78 20 69 74 65 6d 73 2d  63 65 6e 74 65 72 20 6a
75 73 74 69 66 79 2d 63  65 6e 74 65 72 22 3e 0d
0a 20 20 20 20 20 20 20  20 20 20 20 20 20 20 20
20 20 20 20 20 3c 57 61  6c 6c 65 74 20 63 6c 61
73 73 4e 61 6d 65 3d 22  77 2d 35 20 68 2d 35 20
74 65 78 74 2d 65 6d 65  72 61 6c 64 2d 34 30 30
22 20 2f 3e 0d 0a 20 20  20 20 20 20 20 20 20 20
20 20 20 20 20 20 20 20  3c 2f 64 69 76 3e 0d 0a
20 20 20 20 20 20 20 20  20 20 20 20 20 20 20 20
20 20 3c 64 69 76 3e 0d  0a 20 20 20 20 20 20 20
20 20 20 20 20 20 20 20  20 20 20 20 20 3c 70 20
63 6c 61 73 73 4e 61 6d  65 3d 22 74 65 78 74 2d
5b 31 31 70 78 5d 20 66  6f 6e 74 2d 6d 6f 6e 6f
20 75 70 70 65 72 63 61  73 65 20 74 72 61 63 6b
69 6e 67 2d 5b 30 2e 33  32 65 6d 5d 20 74 65 78
74 2d 77 68 69 74 65 2f  34 30 22 3e 43 61 70 69
74 61 6c 20 55 70 6c 69  6e 6b 3c 2f 70 3e 0d 0a
20 20 20 20 20 20 20 20  20 20 20 20 20 20 20 20
20 20 20 20 3c 70 20 63  6c 61 73 73 4e 61 6d 65
3d 22 74 65 78 74 2d 78  73 20 74 65 78 74 2d 78
63 2d 6d 75 74 65 64 20  6d 74 2d 30 2e 35 22 3e
52 65 61 6c 2d 74 69 6d  65 20 63 6f 6d 70 6f 75
6e 64 69 6e 67 20 c2 b7  20 4c 69 76 65 20 74 78
20 62 72 65 61 6b 64 6f  77 6e 20 c2 b7 20 50 72
6f 6a 65 63 74 69 6f 6e  20 65 6e 67 69 6e 65 3c
2f 70 3e 0d 0a 20 20 20  20 20 20 20 20 20 20 20
20 20 20 20 20 20 20 3c  2f 64 69 76 3e 0d 0a 20
20 20 20 20 20 20 20 20  20 20 20 20 20 20 20 3c
2f 64 69 76 3e 0d 0a 20  20 20 20 20 20 20 20 20
20 20 20 20 20 20 20 3c  4c 69 6e 6b 0d 0a 20 20
20 20 20 20 20 20 20 20  20 20 20 20 20 20 20 20
68 72 65 66 3d 22 2f 77  61 6c 6c 65 74 22 0d 0a
20 20 20 20 20 20 20 20  20 20 20 20 20 20 20 20
20 20 63 6c 61 73 73 4e  61 6d 65 3d 22 66 6c 65
78 20 69 74 65 6d 73 2d  63 65 6e 74 65 72 20 67
61 70 2d 32 20 70 78 2d  34 20 70 79 2d 32 20 62
67 2d 77 68 69 74 65 2f  5b 30 2e 30 36 5d 20 68
6f 76 65 72 3a 62 67 2d  77 68 69 74 65 2f 5b 30
2e 31 30 5d 20 62 6f 72  64 65 72 20 62 6f 72 64
65 72 2d 77 68 69 74 65  2f 5b 30 2e 31 30 5d 20
72 6f 75 6e 64 65 64 2d  78 6c 20 74 65 78 74 2d
78 73 20 66 6f 6e 74 2d  62 6f 6c 64 20 74 65 78
74 2d 77 68 69 74 65 20  74 72 61 6e 73 69 74 69
6f 6e 2d 61 6c 6c 20 67  72 6f 75 70 22 0d 0a 20
20 20 20 20 20 20 20 20  20 20 20 20 20 20 20 3e
0d 0a 20 20 20 20 20 20  20 20 20 20 20 20 20 20
20 20 20 20 4f 70 65 6e  20 55 70 6c 69 6e 6b 20
3c 41 72 72 6f 77 52 69  67 68 74 20 63 6c 61 73
73 4e 61 6d 65 3d 22 77  2d 33 20 68 2d 33 20 67
72 6f 75 70 2d 68 6f 76  65 72 3a 74 72 61 6e 73
6c 61 74 65 2d 78 2d 30  2e 35 20 74 72 61 6e 73
69 74 69 6f 6e 2d 74 72  61 6e 73 66 6f 72 6d 22
20 2f 3e 0d 0a 20 20 20  20 20 20 20 20 20 20 20
20 20 20 20 20 3c 2f 4c  69 6e 6b 3e 0d 0a 20 20
20 20 20 20 20 20 20 20  20 20 20 20 3c 2f 64 69
76 3e 0d 0a 0d 0a 20 20  20 20 20 20 20 20 20 20
20 20 20 20 7b 2f 2a 20  4c 69 76 65 20 43 6f 6d
70 6f 75 6e 64 69 6e 67  20 47 72 6f 77 74 68 20
56 69 73 75 61 6c 69 7a  65 72 20 2a 2f 7d 0d 0a
20 20 20 20 20 20 20 20  20 20 20 20 20 20 3c 59
69 65 6c 64 47 72 6f 77  74 68 56 69 73 75 61 6c
69 7a 65 72 0d 0a 20 20  20 20 20 20 20 20 20 20
20 20 20 20 20 20 62 61  6c 61 6e 63 65 3d 7b 73
74 61 62 6c 65 42 61 6c  61 6e 63 65 7d 0d 0a 20
20 20 20 20 20 20 20 20  20 20 20 20 20 20 20 64
61 69 6c 79 52 61 74 65  3d 7b 64 61 69 6c 79 52
61 74 65 7d 0d 0a 20 20  20 20 20 20 20 20 20 20
20 20 20 20 20 20 74 69  65 72 3d 7b 75 73 65 72
3f 2e 74 69 65 72 20 3f  3f 20 22 43 4f 52 45 22
7d 0d 0a 20 20 20 20 20  20 20 20 20 20 20 20 20
20 20 20 69 73 41 72 6d  65 64 3d 7b 69 73 41 72
6d 65 64 7d 0d 0a 20 20  20 20 20 20 20 20 20 20
20 20 20 20 20 20 6e 6f  64 65 49 64 3d 7b 6e 6f
64 65 49 64 7d 0d 0a 20  20 20 20 20 20 20 20 20
20 20 20 20 20 20 20 63  6c 61 73 73 4e 61 6d 65
3d 22 6d 62 2d 36 22 0d  0a 20 20 20 20 20 20 20
20 20 20 20 20 20 20 2f  3e 0d 0a 0d 0a 20 20 20
20 20 20 20 20 20 20 20  20 20 20 7b 2f 2a 20 43
6f 6d 70 6f 75 6e 64 20  50 72 6f 6a 65 63 74 69
6f 6e 20 53 74 72 69 70  20 e2 80 94 20 52 45 41
4c 20 4d 41 54 48 20 2a  2f 7d 0d 0a 20 20 20 20
20 20 20 20 20 20 20 20  20 20 3c 64 69 76 20 63
6c 61 73 73 4e 61 6d 65  3d 22 67 72 69 64 20 67
72 69 64 2d 63 6f 6c 73  2d 32 20 6d 64 3a 67 72
69 64 2d 63 6f 6c 73 2d  34 20 67 61 70 2d 33 20
6d 62 2d 36 22 3e 0d 0a  20 20 20 20 20 20 20 20
20 20 20 20 20 20 20 20  7b 5b 0d 0a 20 20 20 20
20 20 20 20 20 20 20 20  20 20 20 20 20 20 7b 20
6c 61 62 65 6c 3a 20 22  32 34 68 22 2c 20 76 61
6c 75 65 3a 20 70 72 6f  6a 31 64 20 2d 20 73 74
61 62 6c 65 42 61 6c 61  6e 63 65 2c 20 64 61 79
73 3a 20 31 2c 20 65 6d  6f 6a 69 3a 20 22 e2 9a
a1 22 20 7d 2c 0d 0a 20  20 20 20 20 20 20 20 20
20 20 20 20 20 20 20 20  20 7b 20 6c 61 62 65 6c
3a 20 22 37 64 22 2c 20  76 61 6c 75 65 3a 20 70
72 6f 6a 37 64 20 2d 20  73 74 61 62 6c 65 42 61
6c 61 6e 63 65 2c 20 64  61 79 73 3a 20 37 2c 20
65 6d 6f 6a 69 3a 20 22  f0 9f 93 88 22 20 7d 2c
0d 0a 20 20 20 20 20 20  20 20 20 20 20 20 20 20
20 20 20 20 7b 20 6c 61  62 65 6c 3a 20 22 33 30
64 22 2c 20 76 61 6c 75  65 3a 20 70 72 6f 6a 33
30 64 20 2d 20 73 74 61  62 6c 65 42 61 6c 61 6e
63 65 2c 20 64 61 79 73  3a 20 33 30 2c 20 65 6d
6f 6a 69 3a 20 22 f0 9f  94 a5 22 20 7d 2c 0d 0a
20 20 20 20 20 20 20 20  20 20 20 20 20 20 20 20
20 20 7b 20 6c 61 62 65  6c 3a 20 22 39 30 64 22
2c 20 76 61 6c 75 65 3a  20 70 72 6f 6a 39 30 64
20 2d 20 73 74 61 62 6c  65 42 61 6c 61 6e 63 65
2c 20 64 61 79 73 3a 20  39 30 2c 20 65 6d 6f 6a
69 3a 20 22 f0 9f 9a 80  22 20 7d 2c 0d 0a 20 20
20 20 20 20 20 20 20 20  20 20 20 20 20 20 5d 2e
6d 61 70 28 28 7b 20 6c  61 62 65 6c 2c 20 76 61
6c 75 65 2c 20 64 61 79  73 2c 20 65 6d 6f 6a 69
20 7d 29 20 3d 3e 20 28  0d 0a 20 20 20 20 20 20
20 20 20 20 20 20 20 20  20 20 20 20 3c 64 69 76
20 6b 65 79 3d 7b 6c 61  62 65 6c 7d 20 63 6c 61
73 73 4e 61 6d 65 3d 22  62 67 2d 77 68 69 74 65
2f 5b 30 2e 30 32 5d 20  62 6f 72 64 65 72 20 62
6f 72 64 65 72 2d 77 68  69 74 65 2f 5b 30 2e 30
36 5d 20 72 6f 75 6e 64  65 64 2d 78 6c 20 70 2d
34 20 74 65 78 74 2d 63  65 6e 74 65 72 22 3e 0d
0a 20 20 20 20 20 20 20  20 20 20 20 20 20 20 20
20 20 20 20 20 3c 64 69  76 20 63 6c 61 73 73 4e
61 6d 65 3d 22 74 65 78  74 2d 78 73 20 6d 62 2d
31 22 3e 7b 65 6d 6f 6a  69 7d 20 7b 6c 61 62 65
6c 7d 3c 2f 64 69 76 3e  0d 0a 20 20 20 20 20 20
20 20 20 20 20 20 20 20  20 20 20 20 20 20 3c 64
69 76 20 63 6c 61 73 73  4e 61 6d 65 3d 22 74 65
78 74 2d 6c 67 20 6d 64  3a 74 65 78 74 2d 78 6c
20 66 6f 6e 74 2d 62 6c  61 63 6b 20 66 6f 6e 74
2d 6d 6f 6e 6f 20 74 65  78 74 2d 65 6d 65 72 61
6c 64 2d 34 30 30 22 3e  2b 7b 66 6f 72 6d 61 74
43 75 72 72 65 6e 63 79  28 76 61 6c 75 65 29 7d
3c 2f 64 69 76 3e 0d 0a  20 20 20 20 20 20 20 20
20 20 20 20 20 20 20 20  20 20 20 20 3c 64 69 76
20 63 6c 61 73 73 4e 61  6d 65 3d 22 74 65 78 74
2d 5b 31 30 70 78 5d 20  74 65 78 74 2d 78 63 2d
6d 75 74 65 64 20 6d 74  2d 31 22 3e 7b 73 74 61
62 6c 65 42 61 6c 61 6e  63 65 20 3e 20 30 20 3f
20 28 28 76 61 6c 75 65  20 2f 20 73 74 61 62 6c
65 42 61 6c 61 6e 63 65  29 20 2a 20 31 30 30 29
2e 74 6f 46 69 78 65 64  28 31 29 20 3a 20 22 30
22 7d 25 20 72 65 74 75  72 6e 3c 2f 64 69 76 3e
0d 0a 20 20 20 20 20 20  20 20 20 20 20 20 20 20
20 20 20 20 20 20 3c 64  69 76 20 63 6c 61 73 73
4e 61 6d 65 3d 22 74 65  78 74 2d 5b 38 70 78 5d
20 66 6f 6e 74 2d 6d 6f  6e 6f 20 74 65 78 74 2d
77 68 69 74 65 2f 31 35  20 6d 74 2d 31 22 3e 41
3d 50 28 31 2b 72 29 3c  73 75 70 3e 7b 64 61 79
73 7d 3c 2f 73 75 70 3e  3c 2f 64 69 76 3e 0d 0a
20 20 20 20 20 20 20 20  20 20 20 20 20 20 20 20
20 20 3c 2f 64 69 76 3e  0d 0a 20 20 20 20 20 20
20 20 20 20 20 20 20 20  20 20 29 29 7d 0d 0a 20
20 20 20 20 20 20 20 20  20 20 20 20 20 3c 2f 64
69 76 3e 0d 0a 0d 0a 20  20 20 20 20 20 20 20 20
20 20 20 20 20 7b 2f 2a  20 4c 69 76 65 20 54 58
20 42 72 65 61 6b 64 6f  77 6e 20 e2 80 94 20 4e
45 57 20 2a 2f 7d 0d 0a  20 20 20 20 20 20 20 20
20 20 20 20 20 20 3c 64  69 76 20 63 6c 61 73 73
4e 61 6d 65 3d 22 62 6f  72 64 65 72 2d 74 20 62
6f 72 64 65 72 2d 77 68  69 74 65 2f 5b 30 2e 30
36 5d 20 70 74 2d 35 22  3e 0d 0a 20 20 20 20 20
20 20 20 20 20 20 20 20  20 20 20 3c 64 69 76 20
63 6c 61 73 73 4e 61 6d  65 3d 22 66 6c 65 78 20
69 74 65 6d 73 2d 63 65  6e 74 65 72 20 6a 75 73
74 69 66 79 2d 62 65 74  77 65 65 6e 20 6d 62 2d
34 22 3e 0d 0a 20 20 20  20 20 20 20 20 20 20 20
20 20 20 20 20 20 20 3c  64 69 76 20 63 6c 61 73
73 4e 61 6d 65 3d 22 66  6c 65 78 20 69 74 65 6d
73 2d 63 65 6e 74 65 72  20 67 61 70 2d 32 22 3e
0d 0a 20 20 20 20 20 20  20 20 20 20 20 20 20 20
20 20 20 20 20 20 3c 43  6c 6f 63 6b 20 63 6c 61
73 73 4e 61 6d 65 3d 22  77 2d 34 20 68 2d 34 20
74 65 78 74 2d 77 68 69  74 65 2f 34 30 22 20 2f
3e 0d 0a 20 20 20 20 20  20 20 20 20 20 20 20 20
20 20 20 20 20 20 20 3c  73 70 61 6e 20 63 6c 61
73 73 4e 61 6d 65 3d 22  74 65 78 74 2d 5b 31 31
70 78 5d 20 66 6f 6e 74  2d 6d 6f 6e 6f 20 75 70
70 65 72 63 61 73 65 20  74 72 61 63 6b 69 6e 67
2d 5b 30 2e 32 65 6d 5d  20 74 65 78 74 2d 77 68
69 74 65 2f 34 30 22 3e  4c 69 76 65 20 54 72 61
6e 73 61 63 74 69 6f 6e  20 42 72 65 61 6b 64 6f
77 6e 3c 2f 73 70 61 6e  3e 0d 0a 20 20 20 20 20
20 20 20 20 20 20 20 20  20 20 20 20 20 20 20 7b
6c 69 76 65 54 78 46 65  65 64 2e 6c 65 6e 67 74
68 20 3e 20 30 20 26 26  20 28 0d 0a 20 20 20 20
20 20 20 20 20 20 20 20  20 20 20 20 20 20 20 20
20 20 3c 73 70 61 6e 20  63 6c 61 73 73 4e 61 6d
65 3d 22 77 2d 31 2e 35  20 68 2d 31 2e 35 20 72
6f 75 6e 64 65 64 2d 66  75 6c 6c 20 62 67 2d 65
6d 65 72 61 6c 64 2d 34  30 30 20 61 6e 69 6d 61
74 65 2d 70 75 6c 73 65  22 20 2f 3e 0d 0a 20 20
20 20 20 20 20 20 20 20  20 20 20 20 20 20 20 20
20 20 29 7d 0d 0a 20 20  20 20 20 20 20 20 20 20
20 20 20 20 20 20 20 20  3c 2f 64 69 76 3e 0d 0a
20 20 20 20 20 20 20 20  20 20 20 20 20 20 20 20
20 20 3c 62 75 74 74 6f  6e 0d 0a 20 20 20 20 20
20 20 20 20 20 20 20 20  20 20 20 20 20 20 20 6f
6e 43 6c 69 63 6b 3d 7b  28 29 20 3d 3e 20 73 65
74 53 68 6f 77 41 6c 6c  54 78 28 21 73 68 6f 77
41 6c 6c 54 78 29 7d 0d  0a 20 20 20 20 20 20 20
20 20 20 20 20 20 20 20  20 20 20 20 20 63 6c 61
73 73 4e 61 6d 65 3d 22  74 65 78 74 2d 5b 31 30
70 78 5d 20 74 65 78 74  2d 77 68 69 74 65 2f 34
30 20 68 6f 76 65 72 3a  74 65 78 74 2d 77 68 69
74 65 20 66 6f 6e 74 2d  6d 6f 6e 6f 20 74 72 61
63 6b 69 6e 67 2d 77 69  64 65 72 20 74 72 61 6e
73 69 74 69 6f 6e 2d 63  6f 6c 6f 72 73 22 0d 0a
20 20 20 20 20 20 20 20  20 20 20 20 20 20 20 20
20 20 3e 0d 0a 20 20 20  20 20 20 20 20 20 20 20
20 20 20 20 20 20 20 20  20 7b 73 68 6f 77 41 6c
6c 54 78 20 3f 20 22 4c  65 73 73 22 20 3a 20 60
56 69 65 77 20 41 6c 6c  20 28 24 7b 74 78 42 72
65 61 6b 64 6f 77 6e 2e  6c 65 6e 67 74 68 20 2b
20 74 72 61 6e 73 61 63  74 69 6f 6e 73 2e 6c 65
6e 67 74 68 7d 29 60 7d  0d 0a 20 20 20 20 20 20
20 20 20 20 20 20 20 20  20 20 20 20 3c 2f 62 75
74 74 6f 6e 3e 0d 0a 20  20 20 20 20 20 20 20 20
20 20 20 20 20 20 20 3c  2f 64 69 76 3e 0d 0a 0d
0a 20 20 20 20 20 20 20  20 20 20 20 20 20 20 20
20 7b 73 68 6f 77 43 61  74 63 68 55 70 42 61 6e
6e 65 72 20 26 26 20 6d  69 73 73 65 64 54 69 63
6b 73 20 3e 20 30 20 26  26 20 28 0d 0a 20 20 20
20 20 20 20 20 20 20 20  20 20 20 20 20 20 20 3c
64 69 76 20 63 6c 61 73  73 4e 61 6d 65 3d 22 6d
62 2d 33 20 66 6c 65 78  20 69 74 65 6d 73 2d 63
65 6e 74 65 72 20 67 61  70 2d 32 20 72 6f 75 6e
64 65 64 2d 6c 67 20 62  6f 72 64 65 72 20 62 6f
72 64 65 72 2d 65 6d 65  72 61 6c 64 2d 39 30 30
2f 34 30 20 62 67 2d 65  6d 65 72 61 6c 64 2d 39
35 30 2f 32 30 20 70 78  2d 34 20 70 79 2d 32 2e
35 20 74 65 78 74 2d 5b  31 31 70 78 5d 20 74 65
78 74 2d 65 6d 65 72 61  6c 64 2d 34 30 30 2f 38
30 20 66 6f 6e 74 2d 6d  6f 6e 6f 20 61 6e 69 6d
61 74 65 2d 73 6c 69 64  65 2d 69 6e 22 3e 0d 0a
20 20 20 20 20 20 20 20  20 20 20 20 20 20 20 20
20 20 20 20 3c 5a 61 70  20 63 6c 61 73 73 4e 61
6d 65 3d 22 77 2d 33 2e  35 20 68 2d 33 2e 35 20
74 65 78 74 2d 65 6d 65  72 61 6c 64 2d 34 30 30
22 20 2f 3e 0d 0a 20 20  20 20 20 20 20 20 20 20
20 20 20 20 20 20 20 20  20 20 43 6f 6d 70 6f 75
6e 64 69 6e 67 20 72 65  73 75 6d 65 64 20 e2 80
94 20 3c 73 70 61 6e 20  63 6c 61 73 73 4e 61 6d
65 3d 22 66 6f 6e 74 2d  62 6f 6c 64 20 74 65 78
74 2d 65 6d 65 72 61 6c  64 2d 33 30 30 22 3e 7b
6d 69 73 73 65 64 54 69  63 6b 73 7d 3c 2f 73 70
61 6e 3e 20 6d 69 73 73  65 64 20 74 69 63 6b 73
20 63 61 75 67 68 74 20  75 70 0d 0a 20 20 20 20
20 20 20 20 20 20 20 20  20 20 20 20 20 20 3c 2f
64 69 76 3e 0d 0a 20 20  20 20 20 20 20 20 20 20
20 20 20 20 20 20 29 7d  0d 0a 0d 0a 20 20 20 20
20 20 20 20 20 20 20 20  20 20 20 20 7b 6c 69 76
65 54 78 46 65 65 64 2e  6c 65 6e 67 74 68 20 3d
3d 3d 20 30 20 3f 20 28  0d 0a 20 20 20 20 20 20
20 20 20 20 20 20 20 20  20 20 20 20 3c 64 69 76
20 63 6c 61 73 73 4e 61  6d 65 3d 22 74 65 78 74
2d 63 65 6e 74 65 72 20  70 79 2d 38 20 74 65 78
74 2d 78 63 2d 6d 75 74  65 64 20 74 65 78 74 2d
73 6d 22 3e 0d 0a 20 20  20 20 20 20 20 20 20 20
20 20 20 20 20 20 20 20  20 20 3c 43 6c 6f 63 6b
20 63 6c 61 73 73 4e 61  6d 65 3d 22 77 2d 36 20
68 2d 36 20 6d 78 2d 61  75 74 6f 20 6d 62 2d 32
20 6f 70 61 63 69 74 79  2d 33 30 22 20 2f 3e 0d
0a 20 20 20 20 20 20 20  20 20 20 20 20 20 20 20
20 20 20 20 20 3c 70 3e  4e 6f 20 74 72 61 6e 73
61 63 74 69 6f 6e 73 20  79 65 74 2e 20 46 75 6e
64 20 79 6f 75 72 20 77  61 6c 6c 65 74 20 74 6f
20 61 63 74 69 76 61 74  65 20 74 68 65 20 6c 69
76 65 20 66 65 65 64 2e  3c 2f 70 3e 0d 0a 20 20
20 20 20 20 20 20 20 20  20 20 20 20 20 20 20 20
3c 2f 64 69 76 3e 0d 0a  20 20 20 20 20 20 20 20
20 20 20 20 20 20 20 20  29 20 3a 20 28 0d 0a 20
20 20 20 20 20 20 20 20  20 20 20 20 20 20 20 20
20 3c 64 69 76 20 63 6c  61 73 73 4e 61 6d 65 3d
22 73 70 61 63 65 2d 79  2d 32 20 6d 61 78 2d 68
2d 5b 33 30 30 70 78 5d  20 6f 76 65 72 66 6c 6f
77 2d 79 2d 61 75 74 6f  20 63 75 73 74 6f 6d 2d
73 63 72 6f 6c 6c 62 61  72 20 70 72 2d 31 22 3e
0d 0a 20 20 20 20 20 20  20 20 20 20 20 20 20 20
20 20 20 20 20 20 7b 6c  69 76 65 54 78 46 65 65
64 2e 6d 61 70 28 28 74  78 2c 20 69 29 20 3d 3e
20 7b 0d 0a 20 20 20 20  20 20 20 20 20 20 20 20
20 20 20 20 20 20 20 20  20 20 63 6f 6e 73 74 20
69 73 50 72 6f 66 69 74  61 62 6c 65 20 3d 20 74
78 2e 74 79 70 65 20 3d  3d 3d 20 22 50 52 4f 46
49 54 22 20 7c 7c 20 74  78 2e 74 79 70 65 20 3d
3d 3d 20 22 44 45 50 4f  53 49 54 22 3b 0d 0a 20
20 20 20 20 20 20 20 20  20 20 20 20 20 20 20 20
20 20 20 20 20 63 6f 6e  73 74 20 63 6f 6c 6f 72
20 3d 20 69 73 50 72 6f  66 69 74 61 62 6c 65 20
3f 20 22 74 65 78 74 2d  65 6d 65 72 61 6c 64 2d
34 30 30 22 20 3a 20 22  74 65 78 74 2d 72 6f 73
65 2d 34 30 30 22 3b 0d  0a 20 20 20 20 20 20 20
20 20 20 20 20 20 20 20  20 20 20 20 20 20 20 63
6f 6e 73 74 20 62 67 43  6f 6c 6f 72 20 3d 20 69
73 50 72 6f 66 69 74 61  62 6c 65 20 3f 20 22 62
67 2d 65 6d 65 72 61 6c  64 2d 39 35 30 2f 32 30
20 62 6f 72 64 65 72 2d  65 6d 65 72 61 6c 64 2d
38 30 30 2f 32 30 22 20  3a 20 22 62 67 2d 77 68
69 74 65 2f 5b 30 2e 30  32 5d 20 62 6f 72 64 65
72 2d 77 68 69 74 65 2f  5b 30 2e 30 36 5d 22 3b
0d 0a 20 20 20 20 20 20  20 20 20 20 20 20 20 20
20 20 20 20 20 20 20 20  72 65 74 75 72 6e 20 28
0d 0a 20 20 20 20 20 20  20 20 20 20 20 20 20 20
20 20 20 20 20 20 20 20  20 20 3c 64 69 76 20 6b
65 79 3d 7b 74 78 2e 69  64 7d 20 63 6c 61 73 73
4e 61 6d 65 3d 7b 60 66  6c 65 78 20 69 74 65 6d
73 2d 63 65 6e 74 65 72  20 6a 75 73 74 69 66 79
2d 62 65 74 77 65 65 6e  20 24 7b 62 67 43 6f 6c
6f 72 7d 20 62 6f 72 64  65 72 20 72 6f 75 6e 64
65 64 2d 6c 67 20 70 78  2d 34 20 70 79 2d 32 2e
35 20 74 72 61 6e 73 69  74 69 6f 6e 2d 61 6c 6c
20 24 7b 69 20 3d 3d 3d  20 30 20 3f 20 22 61 6e
69 6d 61 74 65 2d 73 6c  69 64 65 2d 69 6e 22 20
3a 20 22 22 7d 60 7d 3e  0d 0a 20 20 20 20 20 20
20 20 20 20 20 20 20 20  20 20 20 20 20 20 20 20
20 20 20 20 3c 64 69 76  20 63 6c 61 73 73 4e 61
6d 65 3d 22 66 6c 65 78  20 69 74 65 6d 73 2d 63
65 6e 74 65 72 20 67 61  70 2d 33 22 3e 0d 0a 20
20 20 20 20 20 20 20 20  20 20 20 20 20 20 20 20
20 20 20 20 20 20 20 20  20 20 20 3c 64 69 76 20
63 6c 61 73 73 4e 61 6d  65 3d 7b 60 77 2d 37 20
68 2d 37 20 72 6f 75 6e  64 65 64 2d 66 75 6c 6c
20 66 6c 65 78 20 69 74  65 6d 73 2d 63 65 6e 74
65 72 20 6a 75 73 74 69  66 79 2d 63 65 6e 74 65
72 20 24 7b 69 73 50 72  6f 66 69 74 61 62 6c 65
20 3f 20 22 62 67 2d 65  6d 65 72 61 6c 64 2d 36
30 30 2f 32 30 22 20 3a  20 22 62 67 2d 77 68 69
74 65 2f 5b 30 2e 30 36  5d 22 7d 60 7d 3e 0d 0a
20 20 20 20 20 20 20 20  20 20 20 20 20 20 20 20
20 20 20 20 20 20 20 20  20 20 20 20 20 20 7b 74
78 2e 74 79 70 65 20 3d  3d 3d 20 22 50 52 4f 46
49 54 22 20 3f 20 28 0d  0a 20 20 20 20 20 20 20
20 20 20 20 20 20 20 20  20 20 20 20 20 20 20 20
20 20 20 20 20 20 20 20  20 3c 46 6c 61 6d 65 20
63 6c 61 73 73 4e 61 6d  65 3d 22 77 2d 33 2e 35
20 68 2d 33 2e 35 20 74  65 78 74 2d 61 6d 62 65
72 2d 34 30 30 22 20 2f  3e 0d 0a 20 20 20 20 20
20 20 20 20 20 20 20 20  20 20 20 20 20 20 20 20
20 20 20 20 20 20 20 20  20 29 20 3a 20 74 78 2e
74 79 70 65 20 3d 3d 3d  20 22 44 45 50 4f 53 49
54 22 20 3f 20 28 0d 0a  20 20 20 20 20 20 20 20
20 20 20 20 20 20 20 20  20 20 20 20 20 20 20 20
20 20 20 20 20 20 20 20  3c 41 72 72 6f 77 44 6f
77 6e 52 69 67 68 74 20  63 6c 61 73 73 4e 61 6d
65 3d 22 77 2d 33 2e 35  20 68 2d 33 2e 35 20 74
65 78 74 2d 65 6d 65 72  61 6c 64 2d 34 30 30 22
20 2f 3e 0d 0a 20 20 20  20 20 20 20 20 20 20 20
20 20 20 20 20 20 20 20  20 20 20 20 20 20 20 20
20 20 20 29 20 3a 20 28  0d 0a 20 20 20 20 20 20
20 20 20 20 20 20 20 20  20 20 20 20 20 20 20 20
20 20 20 20 20 20 20 20  20 20 3c 41 72 72 6f 77
55 70 52 69 67 68 74 20  63 6c 61 73 73 4e 61 6d
65 3d 22 77 2d 33 2e 35  20 68 2d 33 2e 35 20 74
65 78 74 2d 72 6f 73 65  2d 34 30 30 22 20 2f 3e
0d 0a 20 20 20 20 20 20  20 20 20 20 20 20 20 20
20 20 20 20 20 20 20 20  20 20 20 20 20 20 20 20
29 7d 0d 0a 20 20 20 20  20 20 20 20 20 20 20 20
20 20 20 20 20 20 20 20  20 20 20 20 20 20 20 20
3c 2f 64 69 76 3e 0d 0a  20 20 20 20 20 20 20 20
20 20 20 20 20 20 20 20  20 20 20 20 20 20 20 20
20 20 20 20 3c 64 69 76  3e 0d 0a 20 20 20 20 20
20 20 20 20 20 20 20 20  20 20 20 20 20 20 20 20
20 20 20 20 20 20 20 20  20 3c 73 70 61 6e 20 63
6c 61 73 73 4e 61 6d 65  3d 7b 63 6e 28 22 74 65
78 74 2d 78 73 20 66 6f  6e 74 2d 62 6f 6c 64 20
63 61 70 69 74 61 6c 69  7a 65 22 2c 20 54 58 5f
43 4f 4c 4f 52 53 5b 74  78 2e 74 79 70 65 5d 20
3f 3f 20 22 74 65 78 74  2d 77 68 69 74 65 2f 36
30 22 29 7d 3e 7b 74 78  2e 6c 61 62 65 6c 7d 3c
2f 73 70 61 6e 3e 0d 0a  20 20 20 20 20 20 20 20
20 20 20 20 20 20 20 20  20 20 20 20 20 20 20 20
20 20 20 20 20 20 3c 70  20 63 6c 61 73 73 4e 61
6d 65 3d 22 74 65 78 74  2d 5b 39 70 78 5d 20 66
6f 6e 74 2d 6d 6f 6e 6f  20 74 65 78 74 2d 77 68
69 74 65 2f 32 30 22 3e  7b 6e 65 77 20 44 61 74
65 28 74 78 2e 74 69 6d  65 29 2e 74 6f 4c 6f 63
61 6c 65 54 69 6d 65 53  74 72 69 6e 67 28 22 65
6e 2d 55 53 22 2c 20 7b  20 68 6f 75 72 31 32 3a
20 66 61 6c 73 65 20 7d  29 7d 3c 2f 70 3e 0d 0a
20 20 20 20 20 20 20 20  20 20 20 20 20 20 20 20
20 20 20 20 20 20 20 20  20 20 20 20 3c 2f 64 69
76 3e 0d 0a 20 20 20 20  20 20 20 20 20 20 20 20
20 20 20 20 20 20 20 20  20 20 20 20 20 20 3c 2f
64 69 76 3e 0d 0a 20 20  20 20 20 20 20 20 20 20
20 20 20 20 20 20 20 20  20 20 20 20 20 20 20 20
3c 64 69 76 20 63 6c 61  73 73 4e 61 6d 65 3d 22
74 65 78 74 2d 72 69 67  68 74 22 3e 0d 0a 20 20
20 20 20 20 20 20 20 20  20 20 20 20 20 20 20 20
20 20 20 20 20 20 20 20  20 20 3c 73 70 61 6e 20
63 6c 61 73 73 4e 61 6d  65 3d 7b 63 6e 28 22 74
65 78 74 2d 73 6d 20 66  6f 6e 74 2d 62 6c 61 63
6b 20 66 6f 6e 74 2d 6d  6f 6e 6f 22 2c 20 63 6f
6c 6f 72 29 7d 3e 0d 0a  20 20 20 20 20 20 20 20
20 20 20 20 20 20 20 20  20 20 20 20 20 20 20 20
20 20 20 20 20 20 7b 69  73 50 72 6f 66 69 74 61
62 6c 65 20 3f 20 22 2b  22 20 3a 20 22 2d 22 7d
7b 66 6f 72 6d 61 74 43  75 72 72 65 6e 63 79 28
74 78 2e 61 6d 6f 75 6e  74 29 7d 0d 0a 20 20 20
20 20 20 20 20 20 20 20  20 20 20 20 20 20 20 20
20 20 20 20 20 20 20 20  20 3c 2f 73 70 61 6e 3e
0d 0a 20 20 20 20 20 20  20 20 20 20 20 20 20 20
20 20 20 20 20 20 20 20  20 20 20 20 20 20 3c 70
20 63 6c 61 73 73 4e 61  6d 65 3d 22 74 65 78 74
2d 5b 39 70 78 5d 20 66  6f 6e 74 2d 6d 6f 6e 6f
20 74 65 78 74 2d 77 68  69 74 65 2f 31 35 22 3e
7b 66 6f 72 6d 61 74 43  75 72 72 65 6e 63 79 28
74 78 2e 62 61 6c 61 6e  63 65 41 66 74 65 72 29
7d 20 62 61 6c 61 6e 63  65 3c 2f 70 3e 0d 0a 20
20 20 20 20 20 20 20 20  20 20 20 20 20 20 20 20
20 20 20 20 20 20 20 20  20 3c 2f 64 69 76 3e 0d
0a 20 20 20 20 20 20 20  20 20 20 20 20 20 20 20
20 20 20 20 20 20 20 20  20 3c 2f 64 69 76 3e 0d
0a 20 20 20 20 20 20 20  20 20 20 20 20 20 20 20
20 20 20 20 20 20 20 29  3b 0d 0a 20 20 20 20 20
20 20 20 20 20 20 20 20  20 20 20 20 20 20 20 7d
29 7d 0d 0a 20 20 20 20  20 20 20 20 20 20 20 20
20 20 20 20 20 20 3c 2f  64 69 76 3e 0d 0a 20 20
20 20 20 20 20 20 20 20  20 20 20 20 20 20 29 7d
0d 0a 0d 0a 20 20 20 20  20 20 20 20 20 20 20 20
20 20 20 20 7b 69 73 43  6f 6d 70 6f 75 6e 64 69
6e 67 20 26 26 20 74 78  42 72 65 61 6b 64 6f 77
6e 2e 6c 65 6e 67 74 68  20 3e 20 30 20 26 26 20
28 0d 0a 20 20 20 20 20  20 20 20 20 20 20 20 20
20 20 20 20 20 3c 64 69  76 20 63 6c 61 73 73 4e
61 6d 65 3d 22 6d 74 2d  33 20 66 6c 65 78 20 69
74 65 6d 73 2d 63 65 6e  74 65 72 20 67 61 70 2d
32 20 74 65 78 74 2d 5b  31 30 70 78 5d 20 74 65
78 74 2d 65 6d 65 72 61  6c 64 2d 34 30 30 2f 36
30 20 66 6f 6e 74 2d 6d  6f 6e 6f 22 3e 0d 0a 20
20 20 20 20 20 20 20 20  20 20 20 20 20 20 20 20
20 20 20 3c 54 69 6d 65  72 20 63 6c 61 73 73 4e
61 6d 65 3d 22 77 2d 33  20 68 2d 33 22 20 2f 3e
0d 0a 20 20 20 20 20 20  20 20 20 20 20 20 20 20
20 20 20 20 20 20 4c 61  73 74 20 63 6f 6d 70 6f
75 6e 64 3a 20 7b 6e 65  77 20 44 61 74 65 28 74
78 42 72 65 61 6b 64 6f  77 6e 5b 30 5d 3f 2e 74
69 6d 65 20 3f 3f 20 44  61 74 65 2e 6e 6f 77 28
29 29 2e 74 6f 4c 6f 63  61 6c 65 54 69 6d 65 53
74 72 69 6e 67 28 22 65  6e 2d 55 53 22 2c 20 7b
20 68 6f 75 72 31 32 3a  20 66 61 6c 73 65 20 7d
29 7d 0d 0a 20 20 20 20  20 20 20 20 20 20 20 20
20 20 20 20 20 20 20 20  3c 73 70 61 6e 20 63 6c
61 73 73 4e 61 6d 65 3d  22 74 65 78 74 2d 77 68
69 74 65 2f 32 30 22 3e  c2 b7 3c 2f 73 70 61 6e
3e 0d 0a 20 20 20 20 20  20 20 20 20 20 20 20 20
20 20 20 20 20 20 20 7b  74 78 42 72 65 61 6b 64
6f 77 6e 2e 6c 65 6e 67  74 68 7d 20 65 76 65 6e
74 73 0d 0a 20 20 20 20  20 20 20 20 20 20 20 20
20 20 20 20 20 20 3c 2f  64 69 76 3e 0d 0a 20 20
20 20 20 20 20 20 20 20  20 20 20 20 20 20 29 7d
0d 0a 20 20 20 20 20 20  20 20 20 20 20 20 20 20
3c 2f 64 69 76 3e 0d 0a  20 20 20 20 20 20 20 20
20 20 20 20 3c 2f 64 69  76 3e 0d 0a 20 20 20 20
20 20 20 20 20 20 3c 2f  73 65 63 74 69 6f 6e 3e
0d 0a 0d 0a 20 20 20 20  20 20 20 20 20 20 7b 2f
2a 20 e2 94 80 e2 94 80  e2 94 80 20 53 74 61 74
73 20 52 6f 77 20 e2 94  80 e2 94 80 e2 94 80 20
2a 2f 7d 0d 0a 20 20 20  20 20 20 20 20 20 20 3c
64 69 76 20 63 6c 61 73  73 4e 61 6d 65 3d 22 67
72 69 64 20 67 72 69 64  2d 63 6f 6c 73 2d 32 20
6c 67 3a 67 72 69 64 2d  63 6f 6c 73 2d 34 20 67
61 70 2d 34 22 3e 0d 0a  20 20 20 20 20 20 20 20
20 20 20 20 3c 53 74 61  74 43 61 72 64 20 74 69
74 6c 65 3d 22 50 6f 72  74 66 6f 6c 69 6f 20 56
61 6c 75 65 22 20 76 61  6c 75 65 3d 7b 66 6f 72
6d 61 74 43 75 72 72 65  6e 63 79 28 70 6f 72 74
66 6f 6c 69 6f 56 61 6c  75 65 29 7d 20 63 68 61
6e 67 65 3d 7b 70 6e 6c  50 63 74 7d 20 69 63 6f
6e 3d 7b 3c 44 6f 6c 6c  61 72 53 69 67 6e 20 63
6c 61 73 73 4e 61 6d 65  3d 22 77 2d 35 20 68 2d
35 22 20 2f 3e 7d 20 2f  3e 0d 0a 20 20 20 20 20
20 20 20 20 20 20 20 3c  53 74 61 74 43 61 72 64
0d 0a 20 20 20 20 20 20  20 20 20 20 20 20 20 20
74 69 74 6c 65 3d 22 54  6f 74 61 6c 20 50 26 4c
22 0d 0a 20 20 20 20 20  20 20 20 20 20 20 20 20
20 76 61 6c 75 65 3d 7b  66 6f 72 6d 61 74 43 75
72 72 65 6e 63 79 28 70  6f 72 74 66 6f 6c 69 6f
3f 2e 74 6f 74 61 6c 50  6e 4c 20 3f 3f 20 30 29
7d 0d 0a 20 20 20 20 20  20 20 20 20 20 20 20 20
20 63 68 61 6e 67 65 3d  7b 70 6e 6c 50 63 74 7d
0d 0a 20 20 20 20 20 20  20 20 20 20 20 20 20 20
69 63 6f 6e 3d 7b 3c 54  72 65 6e 64 69 6e 67 55
70 20 63 6c 61 73 73 4e  61 6d 65 3d 22 77 2d 35
20 68 2d 35 22 20 2f 3e  7d 0d 0a 20 20 20 20 20
20 20 20 20 20 20 20 20  20 63 6c 61 73 73 4e 61
6d 65 3d 7b 28 70 6f 72  74 66 6f 6c 69 6f 3f 2e
74 6f 74 61 6c 50 6e 4c  20 3f 3f 20 30 29 20 3e
3d 20 30 20 3f 20 22 62  6f 72 64 65 72 2d 65 6d
65 72 61 6c 64 2d 38 30  30 2f 33 30 22 20 3a 20
22 62 6f 72 64 65 72 2d  72 65 64 2d 38 30 30 2f
33 30 22 7d 0d 0a 20 20  20 20 20 20 20 20 20 20
20 20 2f 3e 0d 0a 20 20  20 20 20 20 20 20 20 20
20 20 3c 53 74 61 74 43  61 72 64 20 74 69 74 6c
65 3d 22 43 61 73 68 20  42 61 6c 61 6e 63 65 22
20 76 61 6c 75 65 3d 7b  66 6f 72 6d 61 74 43 75
72 72 65 6e 63 79 28 6c  69 71 75 69 64 43 61 73
68 29 7d 20 69 63 6f 6e  3d 7b 3c 42 61 72 43 68
61 72 74 33 20 63 6c 61  73 73 4e 61 6d 65 3d 22
77 2d 35 20 68 2d 35 22  20 2f 3e 7d 20 2f 3e 0d
0a 20 20 20 20 20 20 20  20 20 20 20 20 3c 53 74
61 74 43 61 72 64 0d 0a  20 20 20 20 20 20 20 20
20 20 20 20 20 20 74 69  74 6c 65 3d 22 52 69 73
6b 20 53 63 6f 72 65 22  0d 0a 20 20 20 20 20 20
20 20 20 20 20 20 20 20  76 61 6c 75 65 3d 7b 60
24 7b 70 6f 72 74 66 6f  6c 69 6f 3f 2e 72 69 73
6b 53 63 6f 72 65 20 3f  3f 20 34 32 7d 2f 31 30
30 60 7d 0d 0a 20 20 20  20 20 20 20 20 20 20 20
20 20 20 73 75 62 74 69  74 6c 65 3d 7b 28 70 6f
72 74 66 6f 6c 69 6f 3f  2e 72 69 73 6b 53 63 6f
72 65 20 3f 3f 20 34 32  29 20 3c 20 34 30 20 3f
20 22 43 6f 6e 73 65 72  76 61 74 69 76 65 22 20
3a 20 28 70 6f 72 74 66  6f 6c 69 6f 3f 2e 72 69
73 6b 53 63 6f 72 65 20  3f 3f 20 34 32 29 20 3c
20 36 35 20 3f 20 22 4d  6f 64 65 72 61 74 65 22
20 3a 20 22 41 67 67 72  65 73 73 69 76 65 22 7d
0d 0a 20 20 20 20 20 20  20 20 20 20 20 20 20 20
69 63 6f 6e 3d 7b 3c 43  70 75 20 63 6c 61 73 73
4e 61 6d 65 3d 22 77 2d  35 20 68 2d 35 22 20 2f
3e 7d 0d 0a 20 20 20 20  20 20 20 20 20 20 20 20
2f 3e 0d 0a 20 20 20 20  20 20 20 20 20 20 3c 2f
64 69 76 3e 0d 0a 0d 0a  20 20 20 20 20 20 20 20
20 20 7b 2f 2a 20 44 61  69 6c 79 20 2f 20 57 65
65 6b 6c 79 20 2f 20 4d  6f 6e 74 68 6c 79 20 52
65 74 75 72 6e 73 20 2a  2f 7d 0d 0a 20 20 20 20
20 20 20 20 20 20 3c 64  69 76 20 63 6c 61 73 73
4e 61 6d 65 3d 22 67 72  69 64 20 67 72 69 64 2d
63 6f 6c 73 2d 31 20 6d  64 3a 67 72 69 64 2d 63
6f 6c 73 2d 33 20 67 61  70 2d 34 22 3e 0d 0a 20
20 20 20 20 20 20 20 20  20 20 20 7b 28 0d 0a 20
20 20 20 20 20 20 20 20  20 20 20 20 20 5b 0d 0a
20 20 20 20 20 20 20 20  20 20 20 20 20 20 20 20
7b 20 6c 61 62 65 6c 3a  20 22 44 61 69 6c 79 20
52 65 74 75 72 6e 22 2c  20 76 61 6c 75 65 3a 20
64 61 69 6c 79 52 65 74  2c 20 70 63 74 3a 20 22
2b 30 2e 38 37 25 22 2c  20 69 63 6f 6e 3a 20 3c
41 63 74 69 76 69 74 79  20 63 6c 61 73 73 4e 61
6d 65 3d 22 77 2d 34 20  68 2d 34 22 20 2f 3e 2c
20 70 65 72 69 6f 64 3a  20 22 54 6f 64 61 79 22
2c 20 62 6f 72 64 65 72  3a 20 22 62 6f 72 64 65
72 2d 65 6d 65 72 61 6c  64 2d 38 30 30 2f 32 35
22 2c 20 67 6c 6f 77 3a  20 22 66 72 6f 6d 2d 65
6d 65 72 61 6c 64 2d 39  30 30 2f 31 35 22 20 7d
2c 0d 0a 20 20 20 20 20  20 20 20 20 20 20 20 20
20 20 20 7b 20 6c 61 62  65 6c 3a 20 22 57 65 65
6b 6c 79 20 52 65 74 75  72 6e 22 2c 20 76 61 6c
75 65 3a 20 77 65 65 6b  6c 79 52 65 74 2c 20 70
63 74 3a 20 22 2b 34 2e  39 31 25 22 2c 20 69 63
6f 6e 3a 20 3c 43 61 6c  65 6e 64 61 72 20 63 6c
61 73 73 4e 61 6d 65 3d  22 77 2d 34 20 68 2d 34
22 20 2f 3e 2c 20 70 65  72 69 6f 64 3a 20 22 54
68 69 73 20 77 65 65 6b  22 2c 20 62 6f 72 64 65
72 3a 20 22 62 6f 72 64  65 72 2d 77 68 69 74 65
2f 5b 30 2e 30 36 5d 2f  32 35 22 2c 20 67 6c 6f
77 3a 20 22 66 72 6f 6d  2d 77 68 69 74 65 2f 5b
30 2e 30 33 5d 2f 31 35  22 20 7d 2c 0d 0a 20 20
20 20 20 20 20 20 20 20  20 20 20 20 20 20 7b 20
6c 61 62 65 6c 3a 20 22  4d 6f 6e 74 68 6c 79 20
52 65 74 75 72 6e 22 2c  20 76 61 6c 75 65 3a 20
6d 6f 6e 74 68 6c 79 52  65 74 2c 20 70 63 74 3a
20 22 2b 31 31 2e 34 25  22 2c 20 69 63 6f 6e 3a
20 3c 46 6c 61 6d 65 20  63 6c 61 73 73 4e 61 6d
65 3d 22 77 2d 34 20 68  2d 34 22 20 2f 3e 2c 20
70 65 72 69 6f 64 3a 20  22 54 68 69 73 20 6d 6f
6e 74 68 22 2c 20 62 6f  72 64 65 72 3a 20 22 62
6f 72 64 65 72 2d 77 68  69 74 65 2f 5b 30 2e 30
38 5d 2f 32 35 22 2c 20  67 6c 6f 77 3a 20 22 66
72 6f 6d 2d 77 68 69 74  65 2f 5b 30 2e 30 34 5d
2f 31 35 22 20 7d 2c 0d  0a 20 20 20 20 20 20 20
20 20 20 20 20 20 20 5d  20 61 73 20 63 6f 6e 73
74 0d 0a 20 20 20 20 20  20 20 20 20 20 20 20 29
2e 6d 61 70 28 28 7b 20  6c 61 62 65 6c 2c 20 76
61 6c 75 65 2c 20 70 63  74 2c 20 69 63 6f 6e 2c
20 70 65 72 69 6f 64 2c  20 62 6f 72 64 65 72 2c
20 67 6c 6f 77 20 7d 29  20 3d 3e 20 28 0d 0a 20
20 20 20 20 20 20 20 20  20 20 20 20 20 3c 64 69
76 20 6b 65 79 3d 7b 6c  61 62 65 6c 7d 20 63 6c
61 73 73 4e 61 6d 65 3d  7b 60 72 65 6c 61 74 69
76 65 20 62 67 2d 78 63  2d 63 61 72 64 20 62 6f
72 64 65 72 20 24 7b 62  6f 72 64 65 72 7d 20 72
6f 75 6e 64 65 64 2d 32  78 6c 20 70 2d 35 20 6f
76 65 72 66 6c 6f 77 2d  68 69 64 64 65 6e 60 7d
3e 0d 0a 20 20 20 20 20  20 20 20 20 20 20 20 20
20 20 20 3c 64 69 76 20  63 6c 61 73 73 4e 61 6d
65 3d 7b 60 61 62 73 6f  6c 75 74 65 20 69 6e 73
65 74 2d 30 20 62 67 2d  67 72 61 64 69 65 6e 74
2d 74 6f 2d 62 72 20 24  7b 67 6c 6f 77 7d 20 74
6f 2d 74 72 61 6e 73 70  61 72 65 6e 74 20 70 6f
69 6e 74 65 72 2d 65 76  65 6e 74 73 2d 6e 6f 6e
65 60 7d 20 2f 3e 0d 0a  20 20 20 20 20 20 20 20
20 20 20 20 20 20 20 20  3c 64 69 76 20 63 6c 61
73 73 4e 61 6d 65 3d 22  66 6c 65 78 20 69 74 65
6d 73 2d 63 65 6e 74 65  72 20 6a 75 73 74 69 66
79 2d 62 65 74 77 65 65  6e 20 6d 62 2d 33 22 3e
0d 0a 20 20 20 20 20 20  20 20 20 20 20 20 20 20
20 20 20 20 3c 73 70 61  6e 20 63 6c 61 73 73 4e
61 6d 65 3d 22 74 65 78  74 2d 78 73 20 66 6f 6e
74 2d 62 6f 6c 64 20 74  65 78 74 2d 78 63 2d 6d
75 74 65 64 20 75 70 70  65 72 63 61 73 65 20 74
72 61 63 6b 69 6e 67 2d  77 69 64 65 72 22 3e 7b
6c 61 62 65 6c 7d 3c 2f  73 70 61 6e 3e 0d 0a 20
20 20 20 20 20 20 20 20  20 20 20 20 20 20 20 20
20 3c 64 69 76 20 63 6c  61 73 73 4e 61 6d 65 3d
22 77 2d 37 20 68 2d 37  20 72 6f 75 6e 64 65 64
2d 6c 67 20 62 67 2d 77  68 69 74 65 2f 35 20 66
6c 65 78 20 69 74 65 6d  73 2d 63 65 6e 74 65 72
20 6a 75 73 74 69 66 79  2d 63 65 6e 74 65 72 20
74 65 78 74 2d 78 63 2d  6d 75 74 65 64 20 67 72
6f 75 70 2d 68 6f 76 65  72 3a 74 65 78 74 2d 77
68 69 74 65 20 74 72 61  6e 73 69 74 69 6f 6e 2d
63 6f 6c 6f 72 73 22 3e  7b 69 63 6f 6e 7d 3c 2f
64 69 76 3e 0d 0a 20 20  20 20 20 20 20 20 20 20
20 20 20 20 20 20 3c 2f  64 69 76 3e 0d 0a 20 20
20 20 20 20 20 20 20 20  20 20 20 20 20 20 3c 64
69 76 20 63 6c 61 73 73  4e 61 6d 65 3d 22 74 65
78 74 2d 32 78 6c 20 66  6f 6e 74 2d 62 6c 61 63
6b 20 74 65 78 74 2d 77  68 69 74 65 20 6d 62 2d
31 22 3e 7b 66 6f 72 6d  61 74 43 75 72 72 65 6e
63 79 28 76 61 6c 75 65  29 7d 3c 2f 64 69 76 3e
0d 0a 20 20 20 20 20 20  20 20 20 20 20 20 20 20
20 20 3c 64 69 76 20 63  6c 61 73 73 4e 61 6d 65
3d 22 66 6c 65 78 20 69  74 65 6d 73 2d 63 65 6e
74 65 72 20 67 61 70 2d  32 22 3e 0d 0a 20 20 20
20 20 20 20 20 20 20 20  20 20 20 20 20 20 20 3c
73 70 61 6e 20 63 6c 61  73 73 4e 61 6d 65 3d 22
74 65 78 74 2d 73 6d 20  66 6f 6e 74 2d 62 6f 6c
64 20 74 65 78 74 2d 78  63 2d 67 72 65 65 6e 20
66 6c 65 78 20 69 74 65  6d 73 2d 63 65 6e 74 65
72 20 67 61 70 2d 31 22  3e 3c 54 72 65 6e 64 69
6e 67 55 70 20 63 6c 61  73 73 4e 61 6d 65 3d 22
77 2d 33 2e 35 20 68 2d  33 2e 35 22 20 2f 3e 7b
70 63 74 7d 3c 2f 73 70  61 6e 3e 0d 0a 20 20 20
20 20 20 20 20 20 20 20  20 20 20 20 20 20 20 3c
73 70 61 6e 20 63 6c 61  73 73 4e 61 6d 65 3d 22
74 65 78 74 2d 78 73 20  74 65 78 74 2d 78 63 2d
6d 75 74 65 64 22 3e 7b  70 65 72 69 6f 64 7d 3c
2f 73 70 61 6e 3e 0d 0a  20 20 20 20 20 20 20 20
20 20 20 20 20 20 20 20  3c 2f 64 69 76 3e 0d 0a
20 20 20 20 20 20 20 20  20 20 20 20 20 20 3c 2f
64 69 76 3e 0d 0a 20 20  20 20 20 20 20 20 20 20
20 20 29 29 7d 0d 0a 20  20 20 20 20 20 20 20 20
20 3c 2f 64 69 76 3e 0d  0a 0d 0a 20 20 20 20 20
20 20 20 20 20 7b 2f 2a  20 58 2d 4f 72 61 63 6c
65 20 4c 69 76 65 20 53  69 67 6e 61 6c 73 20 2a
2f 7d 0d 0a 20 20 20 20  20 20 20 20 20 20 3c 64
69 76 20 63 6c 61 73 73  4e 61 6d 65 3d 22 62 67
2d 78 63 2d 63 61 72 64  20 62 6f 72 64 65 72 20
62 6f 72 64 65 72 2d 77  68 69 74 65 2f 5b 30 2e
30 38 5d 2f 32 35 20 72  6f 75 6e 64 65 64 2d 32
78 6c 20 70 2d 35 22 3e  0d 0a 20 20 20 20 20 20
20 20 20 20 20 20 3c 64  69 76 20 63 6c 61 73 73
4e 61 6d 65 3d 22 66 6c  65 78 20 69 74 65 6d 73
2d 63 65 6e 74 65 72 20  6a 75 73 74 69 66 79 2d
62 65 74 77 65 65 6e 20  6d 62 2d 34 22 3e 0d 0a
20 20 20 20 20 20 20 20  20 20 20 20 20 20 3c 64
69 76 20 63 6c 61 73 73  4e 61 6d 65 3d 22 66 6c
65 78 20 69 74 65 6d 73  2d 63 65 6e 74 65 72 20
67 61 70 2d 33 22 3e 0d  0a 20 20 20 20 20 20 20
20 20 20 20 20 20 20 20  20 3c 64 69 76 20 63 6c
61 73 73 4e 61 6d 65 3d  22 77 2d 37 20 68 2d 37
20 72 6f 75 6e 64 65 64  2d 6c 67 20 62 67 2d 77
68 69 74 65 2f 5b 30 2e  30 34 5d 20 66 6c 65 78
20 69 74 65 6d 73 2d 63  65 6e 74 65 72 20 6a 75
73 74 69 66 79 2d 63 65  6e 74 65 72 22 3e 3c 5a
61 70 20 63 6c 61 73 73  4e 61 6d 65 3d 22 77 2d
33 2e 35 20 68 2d 33 2e  35 20 74 65 78 74 2d 77
68 69 74 65 2f 36 30 22  20 2f 3e 3c 2f 64 69 76
3e 0d 0a 20 20 20 20 20  20 20 20 20 20 20 20 20
20 20 20 3c 64 69 76 3e  0d 0a 20 20 20 20 20 20
20 20 20 20 20 20 20 20  20 20 20 20 3c 68 33 20
63 6c 61 73 73 4e 61 6d  65 3d 22 66 6f 6e 74 2d
62 6c 61 63 6b 20 74 65  78 74 2d 77 68 69 74 65
20 74 65 78 74 2d 62 61  73 65 22 3e 58 2d 4f 72
61 63 6c 65 20 4c 69 76  65 20 53 69 67 6e 61 6c
73 3c 2f 68 33 3e 0d 0a  20 20 20 20 20 20 20 20
20 20 20 20 20 20 20 20  20 20 3c 70 20 63 6c 61
73 73 4e 61 6d 65 3d 22  74 65 78 74 2d 78 73 20
74 65 78 74 2d 78 63 2d  6d 75 74 65 64 22 3e 4c
69 76 65 20 74 72 61 64  65 20 69 6e 74 65 6c 6c
69 67 65 6e 63 65 20 e2  80 94 20 75 70 64 61 74
65 64 20 65 76 65 72 79  20 36 30 73 3c 2f 70 3e
0d 0a 20 20 20 20 20 20  20 20 20 20 20 20 20 20
20 20 3c 2f 64 69 76 3e  0d 0a 20 20 20 20 20 20
20 20 20 20 20 20 20 20  3c 2f 64 69 76 3e 0d 0a
20 20 20 20 20 20 20 20  20 20 20 20 20 20 3c 73
70 61 6e 20 63 6c 61 73  73 4e 61 6d 65 3d 22 74
65 78 74 2d 78 73 20 66  6f 6e 74 2d 6d 6f 6e 6f
20 74 65 78 74 2d 77 68  69 74 65 2f 34 30 20 75
70 70 65 72 63 61 73 65  20 74 72 61 63 6b 69 6e
67 2d 77 69 64 65 72 22  3e 52 65 66 65 72 65 6e
63 65 3c 2f 73 70 61 6e  3e 0d 0a 20 20 20 20 20
20 20 20 20 20 20 20 3c  2f 64 69 76 3e 0d 0a 20
20 20 20 20 20 20 20 20  20 20 20 3c 64 69 76 20
63 6c 61 73 73 4e 61 6d  65 3d 22 67 72 69 64 20
67 72 69 64 2d 63 6f 6c  73 2d 31 20 6d 64 3a 67
72 69 64 2d 63 6f 6c 73  2d 32 20 78 6c 3a 67 72
69 64 2d 63 6f 6c 73 2d  34 20 67 61 70 2d 34 22
3e 0d 0a 20 20 20 20 20  20 20 20 20 20 20 20 20
20 7b 5b 0d 0a 20 20 20  20 20 20 20 20 20 20 20
20 20 20 20 20 7b 20 73  79 6d 62 6f 6c 3a 20 22
4e 56 44 41 22 2c 20 73  69 67 6e 61 6c 3a 20 22
42 55 59 22 2c 20 63 6f  6e 66 3a 20 39 34 2c 20
70 72 6f 6a 3a 20 22 2b  31 38 2e 34 25 22 2c 20
77 69 6e 64 6f 77 3a 20  22 33 30 44 22 2c 20 63
6f 6c 6f 72 3a 20 22 65  6d 65 72 61 6c 64 22 20
7d 2c 0d 0a 20 20 20 20  20 20 20 20 20 20 20 20
20 20 20 20 7b 20 73 79  6d 62 6f 6c 3a 20 22 54
53 4c 41 22 2c 20 73 69  67 6e 61 6c 3a 20 22 42
55 59 22 2c 20 63 6f 6e  66 3a 20 38 37 2c 20 70
72 6f 6a 3a 20 22 2b 31  31 2e 32 25 22 2c 20 77
69 6e 64 6f 77 3a 20 22  31 34 44 22 2c 20 63 6f
6c 6f 72 3a 20 22 65 6d  65 72 61 6c 64 22 20 7d
2c 0d 0a 20 20 20 20 20  20 20 20 20 20 20 20 20
20 20 20 7b 20 73 79 6d  62 6f 6c 3a 20 22 42 54
43 22 2c 20 73 69 67 6e  61 6c 3a 20 22 48 4f 4c
44 22 2c 20 63 6f 6e 66  3a 20 37 32 2c 20 70 72
6f 6a 3a 20 22 2b 33 2e  31 25 22 2c 20 77 69 6e
64 6f 77 3a 20 22 37 44  22 2c 20 63 6f 6c 6f 72
3a 20 22 61 6d 62 65 72  22 20 7d 2c 0d 0a 20 20
20 20 20 20 20 20 20 20  20 20 20 20 20 20 7b 20
73 79 6d 62 6f 6c 3a 20  22 47 4f 4c 44 22 2c 20
73 69 67 6e 61 6c 3a 20  22 53 45 4c 4c 22 2c 20
63 6f 6e 66 3a 20 36 38  2c 20 70 72 6f 6a 3a 20
22 2d 31 2e 38 25 22 2c  20 77 69 6e 64 6f 77 3a
20 22 37 44 22 2c 20 63  6f 6c 6f 72 3a 20 22 72
6f 73 65 22 20 7d 2c 0d  0a 20 20 20 20 20 20 20
20 20 20 20 20 20 20 5d  2e 6d 61 70 28 28 7b 20
73 79 6d 62 6f 6c 2c 20  73 69 67 6e 61 6c 2c 20
63 6f 6e 66 2c 20 70 72  6f 6a 2c 20 63 6f 6c 6f
72 20 7d 29 20 3d 3e 20  28 0d 0a 20 20 20 20 20
20 20 20 20 20 20 20 20  20 20 20 3c 64 69 76 20
6b 65 79 3d 7b 73 79 6d  62 6f 6c 7d 20 63 6c 61
73 73 4e 61 6d 65 3d 7b  60 62 67 2d 67 72 61 64
69 65 6e 74 2d 74 6f 2d  62 72 20 24 7b 63 6f 6c
6f 72 20 3d 3d 3d 20 22  65 6d 65 72 61 6c 64 22
20 3f 20 22 66 72 6f 6d  2d 65 6d 65 72 61 6c 64
2d 39 35 30 2f 34 30 22  20 3a 20 63 6f 6c 6f 72
20 3d 3d 3d 20 22 61 6d  62 65 72 22 20 3f 20 22
66 72 6f 6d 2d 62 6c 61  63 6b 2f 33 30 22 20 3a
20 22 66 72 6f 6d 2d 72  6f 73 65 2d 39 35 30 2f
33 30 22 7d 20 74 6f 2d  74 72 61 6e 73 70 61 72
65 6e 74 20 62 6f 72 64  65 72 20 62 6f 72 64 65
72 2d 77 68 69 74 65 2f  35 20 72 6f 75 6e 64 65
64 2d 78 6c 20 70 2d 35  60 7d 3e 0d 0a 20 20 20
20 20 20 20 20 20 20 20  20 20 20 20 20 20 20 3c
64 69 76 20 63 6c 61 73  73 4e 61 6d 65 3d 22 66
6c 65 78 20 69 74 65 6d  73 2d 63 65 6e 74 65 72
20 6a 75 73 74 69 66 79  2d 62 65 74 77 65 65 6e
20 6d 62 2d 32 22 3e 0d  0a 20 20 20 20 20 20 20
20 20 20 20 20 20 20 20  20 20 20 20 20 3c 73 70
61 6e 20 63 6c 61 73 73  4e 61 6d 65 3d 22 74 65
78 74 2d 73 6d 20 66 6f  6e 74 2d 62 6c 61 63 6b
20 74 65 78 74 2d 77 68  69 74 65 22 3e 7b 73 79
6d 62 6f 6c 7d 3c 2f 73  70 61 6e 3e 0d 0a 20 20
20 20 20 20 20 20 20 20  20 20 20 20 20 20 20 20
20 20 3c 73 70 61 6e 20  63 6c 61 73 73 4e 61 6d
65 3d 7b 63 6e 28 22 74  65 78 74 2d 78 73 20 66
6f 6e 74 2d 62 6f 6c 64  20 70 78 2d 32 20 70 79
2d 30 2e 35 20 72 6f 75  6e 64 65 64 2d 66 75 6c
6c 20 62 6f 72 64 65 72  22 2c 20 63 6f 6c 6f 72
20 3d 3d 3d 20 22 65 6d  65 72 61 6c 64 22 20 3f
20 22 62 67 2d 65 6d 65  72 61 6c 64 2d 39 35 30
2f 36 30 20 74 65 78 74  2d 65 6d 65 72 61 6c 64
2d 34 30 30 20 62 6f 72  64 65 72 2d 65 6d 65 72
61 6c 64 2d 38 30 30 2f  34 30 22 20 3a 20 63 6f
6c 6f 72 20 3d 3d 3d 20  22 61 6d 62 65 72 22 20
3f 20 22 62 67 2d 77 68  69 74 65 2f 5b 30 2e 30
33 5d 2f 36 30 20 74 65  78 74 2d 77 68 69 74 65
2f 35 30 20 62 6f 72 64  65 72 2d 61 6d 62 65 72
2d 38 30 30 2f 34 30 22  20 3a 20 22 62 67 2d 72
6f 73 65 2d 39 35 30 2f  36 30 20 74 65 78 74 2d
72 6f 73 65 2d 34 30 30  20 62 6f 72 64 65 72 2d
72 6f 73 65 2d 38 30 30  2f 34 30 22 29 7d 3e 7b
73 69 67 6e 61 6c 7d 3c  2f 73 70 61 6e 3e 0d 0a
20 20 20 20 20 20 20 20  20 20 20 20 20 20 20 20
20 20 3c 2f 64 69 76 3e  0d 0a 20 20 20 20 20 20
20 20 20 20 20 20 20 20  20 20 20 20 3c 64 69 76
20 63 6c 61 73 73 4e 61  6d 65 3d 7b 63 6e 28 22
74 65 78 74 2d 78 6c 20  66 6f 6e 74 2d 62 6c 61
63 6b 20 6d 62 2d 31 22  2c 20 63 6f 6c 6f 72 20
3d 3d 3d 20 22 65 6d 65  72 61 6c 64 22 20 3f 20
22 74 65 78 74 2d 65 6d  65 72 61 6c 64 2d 34 30
30 22 20 3a 20 63 6f 6c  6f 72 20 3d 3d 3d 20 22
61 6d 62 65 72 22 20 3f  20 22 74 65 78 74 2d 77
68 69 74 65 2f 35 30 22  20 3a 20 22 74 65 78 74
2d 72 6f 73 65 2d 34 30  30 22 29 7d 3e 7b 70 72
6f 6a 7d 3c 2f 64 69 76  3e 0d 0a 20 20 20 20 20
20 20 20 20 20 20 20 20  20 20 20 20 20 3c 64 69
76 20 63 6c 61 73 73 4e  61 6d 65 3d 22 68 2d 30
2e 35 20 62 67 2d 77 68  69 74 65 2f 35 20 72 6f
75 6e 64 65 64 2d 66 75  6c 6c 20 6f 76 65 72 66
6c 6f 77 2d 68 69 64 64  65 6e 20 6d 74 2d 32 22
3e 0d 0a 20 20 20 20 20  20 20 20 20 20 20 20 20
20 20 20 20 20 20 20 3c  64 69 76 20 63 6c 61 73
73 4e 61 6d 65 3d 7b 63  6e 28 22 68 2d 66 75 6c
6c 20 72 6f 75 6e 64 65  64 2d 66 75 6c 6c 22 2c
20 63 6f 6c 6f 72 20 3d  3d 3d 20 22 65 6d 65 72
61 6c 64 22 20 3f 20 22  62 67 2d 65 6d 65 72 61
6c 64 2d 35 30 30 22 20  3a 20 63 6f 6c 6f 72 20
3d 3d 3d 20 22 61 6d 62  65 72 22 20 3f 20 22 62
67 2d 61 6d 62 65 72 2d  35 30 30 22 20 3a 20 22
62 67 2d 72 6f 73 65 2d  35 30 30 22 29 7d 20 73
74 79 6c 65 3d 7b 7b 20  77 69 64 74 68 3a 20 60
24 7b 63 6f 6e 66 7d 25  60 20 7d 7d 20 2f 3e 0d
0a 20 20 20 20 20 20 20  20 20 20 20 20 20 20 20
20 20 20 3c 2f 64 69 76  3e 0d 0a 20 20 20 20 20
20 20 20 20 20 20 20 20  20 20 20 20 20 3c 64 69
76 20 63 6c 61 73 73 4e  61 6d 65 3d 22 74 65 78
74 2d 78 73 20 74 65 78  74 2d 78 63 2d 6d 75 74
65 64 20 6d 74 2d 31 22  3e 7b 63 6f 6e 66 7d 25
20 63 6f 6e 66 69 64 65  6e 63 65 3c 2f 64 69 76
3e 0d 0a 20 20 20 20 20  20 20 20 20 20 20 20 20
20 20 20 3c 2f 64 69 76  3e 0d 0a 20 20 20 20 20
20 20 20 20 20 20 20 20  20 29 29 7d 0d 0a 20 20
20 20 20 20 20 20 20 20  20 20 3c 2f 64 69 76 3e
0d 0a 20 20 20 20 20 20  20 20 20 20 3c 2f 64 69
76 3e 0d 0a 0d 0a 20 20  20 20 20 20 20 20 20 20
7b 2f 2a 20 4d 61 69 6e  20 43 6f 6e 74 65 6e 74
20 47 72 69 64 20 2a 2f  7d 0d 0a 20 20 20 20 20
20 20 20 20 20 3c 64 69  76 20 63 6c 61 73 73 4e
61 6d 65 3d 22 67 72 69  64 20 6c 67 3a 67 72 69
64 2d 63 6f 6c 73 2d 33  20 67 61 70 2d 34 22 3e
0d 0a 20 20 20 20 20 20  20 20 20 20 20 20 3c 64
69 76 20 63 6c 61 73 73  4e 61 6d 65 3d 22 6c 67
3a 63 6f 6c 2d 73 70 61  6e 2d 32 20 62 67 2d 78
63 2d 63 61 72 64 20 62  6f 72 64 65 72 20 62 6f
72 64 65 72 2d 78 63 2d  62 6f 72 64 65 72 20 72
6f 75 6e 64 65 64 2d 32  78 6c 20 70 2d 34 20 73
6d 3a 70 2d 36 22 3e 0d  0a 20 20 20 20 20 20 20
20 20 20 20 20 20 20 3c  64 69 76 20 63 6c 61 73
73 4e 61 6d 65 3d 22 66  6c 65 78 20 69 74 65 6d
73 2d 63 65 6e 74 65 72  20 6a 75 73 74 69 66 79
2d 62 65 74 77 65 65 6e  20 6d 62 2d 36 22 3e 0d
0a 20 20 20 20 20 20 20  20 20 20 20 20 20 20 20
20 3c 64 69 76 3e 0d 0a  20 20 20 20 20 20 20 20
20 20 20 20 20 20 20 20  20 20 3c 68 33 20 63 6c
61 73 73 4e 61 6d 65 3d  22 66 6f 6e 74 2d 62 6c
61 63 6b 20 74 65 78 74  2d 77 68 69 74 65 20 74
65 78 74 2d 62 61 73 65  22 3e 50 6f 72 74 66 6f
6c 69 6f 20 50 65 72 66  6f 72 6d 61 6e 63 65 3c
2f 68 33 3e 0d 0a 20 20  20 20 20 20 20 20 20 20
20 20 20 20 20 20 20 20  3c 70 20 63 6c 61 73 73
4e 61 6d 65 3d 22 74 65  78 74 2d 78 73 20 74 65
78 74 2d 78 63 2d 6d 75  74 65 64 20 6d 74 2d 30
2e 35 22 3e 33 30 2d 64  61 79 20 68 69 73 74 6f
72 79 3c 2f 70 3e 0d 0a  20 20 20 20 20 20 20 20
20 20 20 20 20 20 20 20  3c 2f 64 69 76 3e 0d 0a
20 20 20 20 20 20 20 20  20 20 20 20 20 20 20 20
3c 64 69 76 20 63 6c 61  73 73 4e 61 6d 65 3d 7b
63 6e 28 22 66 6c 65 78  20 69 74 65 6d 73 2d 63
65 6e 74 65 72 20 67 61  70 2d 31 20 74 65 78 74
2d 73 6d 20 66 6f 6e 74  2d 62 6f 6c 64 22 2c 20
70 6e 6c 50 63 74 20 3e  3d 20 30 20 3f 20 22 74
65 78 74 2d 78 63 2d 67  72 65 65 6e 22 20 3a 20
22 74 65 78 74 2d 78 63  2d 72 65 64 22 29 7d 3e
0d 0a 20 20 20 20 20 20  20 20 20 20 20 20 20 20
20 20 20 20 7b 70 6e 6c  50 63 74 20 3e 3d 20 30
20 3f 20 3c 54 72 65 6e  64 69 6e 67 55 70 20 63
6c 61 73 73 4e 61 6d 65  3d 22 77 2d 34 20 68 2d
34 22 20 2f 3e 20 3a 20  3c 54 72 65 6e 64 69 6e
67 44 6f 77 6e 20 63 6c  61 73 73 4e 61 6d 65 3d
22 77 2d 34 20 68 2d 34  22 20 2f 3e 7d 0d 0a 20
20 20 20 20 20 20 20 20  20 20 20 20 20 20 20 20
20 7b 66 6f 72 6d 61 74  50 65 72 63 65 6e 74 28
70 6e 6c 50 63 74 29 7d  0d 0a 20 20 20 20 20 20
20 20 20 20 20 20 20 20  20 20 3c 2f 64 69 76 3e
0d 0a 20 20 20 20 20 20  20 20 20 20 20 20 20 20
3c 2f 64 69 76 3e 0d 0a  20 20 20 20 20 20 20 20
20 20 20 20 20 20 3c 64  69 76 20 73 74 79 6c 65
3d 7b 7b 20 68 65 69 67  68 74 3a 20 32 38 30 20
7d 7d 20 63 6c 61 73 73  4e 61 6d 65 3d 22 2d 6d
78 2d 32 20 73 6d 3a 6d  78 2d 30 22 3e 0d 0a 20
20 20 20 20 20 20 20 20  20 20 20 20 20 20 20 3c
52 65 73 70 6f 6e 73 69  76 65 43 6f 6e 74 61 69
6e 65 72 20 77 69 64 74  68 3d 22 31 30 30 25 22
20 68 65 69 67 68 74 3d  22 31 30 30 25 22 3e 0d
0a 20 20 20 20 20 20 20  20 20 20 20 20 20 20 20
20 20 20 3c 41 72 65 61  43 68 61 72 74 20 64 61
74 61 3d 7b 70 65 72 66  44 61 74 61 7d 20 6d 61
72 67 69 6e 3d 7b 7b 20  74 6f 70 3a 20 35 2c 20
72 69 67 68 74 3a 20 35  2c 20 62 6f 74 74 6f 6d
3a 20 35 2c 20 6c 65 66  74 3a 20 30 20 7d 7d 3e
0d 0a 20 20 20 20 20 20  20 20 20 20 20 20 20 20
20 20 20 20 20 20 3c 64  65 66 73 3e 0d 0a 20 20
20 20 20 20 20 20 20 20  20 20 20 20 20 20 20 20
20 20 20 20 3c 6c 69 6e  65 61 72 47 72 61 64 69
65 6e 74 20 69 64 3d 22  70 6f 72 74 66 6f 6c 69
6f 47 72 61 64 22 20 78  31 3d 22 30 22 20 79 31
3d 22 30 22 20 78 32 3d  22 30 22 20 79 32 3d 22
31 22 3e 0d 0a 20 20 20  20 20 20 20 20 20 20 20
20 20 20 20 20 20 20 20  20 20 20 20 20 3c 73 74
6f 70 20 6f 66 66 73 65  74 3d 22 35 25 22 20 73
74 6f 70 43 6f 6c 6f 72  3d 22 23 37 63 33 61 65
64 22 20 73 74 6f 70 4f  70 61 63 69 74 79 3d 7b
30 2e 33 7d 20 2f 3e 0d  0a 20 20 20 20 20 20 20
20 20 20 20 20 20 20 20  20 20 20 20 20 20 20 20
20 3c 73 74 6f 70 20 6f  66 66 73 65 74 3d 22 39
35 25 22 20 73 74 6f 70  43 6f 6c 6f 72 3d 22 23
37 63 33 61 65 64 22 20  73 74 6f 70 4f 70 61 63
69 74 79 3d 7b 30 7d 20  2f 3e 0d 0a 20 20 20 20
20 20 20 20 20 20 20 20  20 20 20 20 20 20 20 20
20 20 3c 2f 6c 69 6e 65  61 72 47 72 61 64 69 65
6e 74 3e 0d 0a 20 20 20  20 20 20 20 20 20 20 20
20 20 20 20 20 20 20 20  20 3c 2f 64 65 66 73 3e
0d 0a 20 20 20 20 20 20  20 20 20 20 20 20 20 20
20 20 20 20 20 20 3c 58  41 78 69 73 20 64 61 74
61 4b 65 79 3d 22 64 61  74 65 22 20 74 69 63 6b
3d 7b 7b 20 66 69 6c 6c  3a 20 22 23 36 34 37 34
38 62 22 2c 20 66 6f 6e  74 53 69 7a 65 3a 20 31
30 20 7d 7d 20 69 6e 74  65 72 76 61 6c 3d 22 70
72 65 73 65 72 76 65 53  74 61 72 74 45 6e 64 22
20 61 78 69 73 4c 69 6e  65 3d 7b 66 61 6c 73 65
7d 20 74 69 63 6b 4c 69  6e 65 3d 7b 66 61 6c 73
65 7d 20 2f 3e 0d 0a 20  20 20 20 20 20 20 20 20
20 20 20 20 20 20 20 20  20 20 20 3c 59 41 78 69
73 20 74 69 63 6b 3d 7b  7b 20 66 69 6c 6c 3a 20
22 23 36 34 37 34 38 62  22 2c 20 66 6f 6e 74 53
69 7a 65 3a 20 31 30 20  7d 7d 20 61 78 69 73 4c
69 6e 65 3d 7b 66 61 6c  73 65 7d 20 74 69 63 6b
4c 69 6e 65 3d 7b 66 61  6c 73 65 7d 20 74 69 63
6b 46 6f 72 6d 61 74 74  65 72 3d 7b 28 76 29 20
3d 3e 20 60 24 24 7b 28  4e 75 6d 62 65 72 28 76
20 3f 3f 20 30 29 20 2f  20 31 30 30 30 29 2e 74
6f 46 69 78 65 64 28 30  29 7d 6b 60 7d 20 2f 3e
0d 0a 20 20 20 20 20 20  20 20 20 20 20 20 20 20
20 20 20 20 20 20 3c 54  6f 6f 6c 74 69 70 20 63
6f 6e 74 65 6e 74 3d 7b  3c 43 75 73 74 6f 6d 54
6f 6f 6c 74 69 70 20 2f  3e 7d 20 2f 3e 0d 0a 20
20 20 20 20 20 20 20 20  20 20 20 20 20 20 20 20
20 20 20 3c 41 72 65 61  20 74 79 70 65 3d 22 6d
6f 6e 6f 74 6f 6e 65 22  20 64 61 74 61 4b 65 79
3d 22 76 61 6c 75 65 22  20 73 74 72 6f 6b 65 3d
22 23 37 63 33 61 65 64  22 20 73 74 72 6f 6b 65
57 69 64 74 68 3d 7b 32  7d 20 66 69 6c 6c 3d 22
75 72 6c 28 23 70 6f 72  74 66 6f 6c 69 6f 47 72
61 64 29 22 20 2f 3e 0d  0a 20 20 20 20 20 20 20
20 20 20 20 20 20 20 20  20 20 20 3c 2f 41 72 65
61 43 68 61 72 74 3e 0d  0a 20 20 20 20 20 20 20
20 20 20 20 20 20 20 20  20 3c 2f 52 65 73 70 6f
6e 73 69 76 65 43 6f 6e  74 61 69 6e 65 72 3e 0d
0a 20 20 20 20 20 20 20  20 20 20 20 20 20 20 3c
2f 64 69 76 3e 0d 0a 20  20 20 20 20 20 20 20 20
20 20 20 3c 2f 64 69 76  3e 0d 0a 0d 0a 20 20 20
20 20 20 20 20 20 20 20  20 3c 64 69 76 20 63 6c
61 73 73 4e 61 6d 65 3d  22 62 67 2d 78 63 2d 63
61 72 64 20 62 6f 72 64  65 72 20 62 6f 72 64 65
72 2d 78 63 2d 62 6f 72  64 65 72 20 72 6f 75 6e
64 65 64 2d 32 78 6c 20  70 2d 34 20 73 6d 3a 70
2d 36 22 3e 0d 0a 20 20  20 20 20 20 20 20 20 20
20 20 20 20 3c 64 69 76  20 63 6c 61 73 73 4e 61
6d 65 3d 22 66 6c 65 78  20 69 74 65 6d 73 2d 63
65 6e 74 65 72 20 6a 75  73 74 69 66 79 2d 62 65
74 77 65 65 6e 20 6d 62  2d 34 22 3e 0d 0a 20 20
20 20 20 20 20 20 20 20  20 20 20 20 20 20 3c 68
33 20 63 6c 61 73 73 4e  61 6d 65 3d 22 66 6f 6e
74 2d 62 6c 61 63 6b 20  74 65 78 74 2d 77 68 69
74 65 20 74 65 78 74 2d  62 61 73 65 22 3e 41 49
20 4f 72 61 63 6c 65 20  41 6c 6c 6f 63 61 74 69
6f 6e 3c 2f 68 33 3e 0d  0a 20 20 20 20 20 20 20
20 20 20 20 20 20 20 20  20 3c 42 61 64 67 65 20
76 61 72 69 61 6e 74 3d  22 70 75 72 70 6c 65 22
3e 4c 49 56 45 3c 2f 42  61 64 67 65 3e 0d 0a 20
20 20 20 20 20 20 20 20  20 20 20 20 20 3c 2f 64
69 76 3e 0d 0a 20 20 20  20 20 20 20 20 20 20 20
20 20 20 3c 64 69 76 20  63 6c 61 73 73 4e 61 6d
65 3d 22 68 2d 34 38 22  3e 0d 0a 20 20 20 20 20
20 20 20 20 20 20 20 20  20 20 20 3c 52 65 73 70
6f 6e 73 69 76 65 43 6f  6e 74 61 69 6e 65 72 20
77 69 64 74 68 3d 22 31  30 30 25 22 20 68 65 69
67 68 74 3d 22 31 30 30  25 22 3e 0d 0a 20 20 20
20 20 20 20 20 20 20 20  20 20 20 20 20 20 20 3c
50 69 65 43 68 61 72 74  3e 0d 0a 20 20 20 20 20
20 20 20 20 20 20 20 20  20 20 20 20 20 20 20 3c
50 69 65 20 64 61 74 61  3d 7b 61 6c 6c 6f 63 61
74 69 6f 6e 44 61 74 61  7d 20 63 78 3d 22 35 30
25 22 20 63 79 3d 22 35  30 25 22 20 69 6e 6e 65
72 52 61 64 69 75 73 3d  7b 35 30 7d 20 6f 75 74
65 72 52 61 64 69 75 73  3d 7b 38 30 7d 20 70 61
64 64 69 6e 67 41 6e 67  6c 65 3d 7b 33 7d 20 64
61 74 61 4b 65 79 3d 22  76 61 6c 75 65 22 3e 0d
0a 20 20 20 20 20 20 20  20 20 20 20 20 20 20 20
20 20 20 20 20 20 20 7b  61 6c 6c 6f 63 61 74 69
6f 6e 44 61 74 61 2e 6d  61 70 28 28 5f 2c 20 69
6e 64 65 78 29 20 3d 3e  20 3c 43 65 6c 6c 20 6b
65 79 3d 7b 69 6e 64 65  78 7d 20 66 69 6c 6c 3d
7b 41 4c 4c 4f 43 41 54  49 4f 4e 5f 43 4f 4c 4f
52 53 5b 69 6e 64 65 78  20 25 20 41 4c 4c 4f 43
41 54 49 4f 4e 5f 43 4f  4c 4f 52 53 2e 6c 65 6e
67 74 68 5d 7d 20 2f 3e  29 7d 0d 0a 20 20 20 20
20 20 20 20 20 20 20 20  20 20 20 20 20 20 20 20
3c 2f 50 69 65 3e 0d 0a  20 20 20 20 20 20 20 20
20 20 20 20 20 20 20 20  20 20 20 20 3c 54 6f 6f
6c 74 69 70 20 66 6f 72  6d 61 74 74 65 72 3d 7b
28 76 61 6c 29 20 3d 3e  20 5b 60 24 7b 76 61 6c
7d 25 60 5d 7d 20 63 6f  6e 74 65 6e 74 53 74 79
6c 65 3d 7b 7b 20 62 61  63 6b 67 72 6f 75 6e 64
3a 20 22 23 30 64 30 64  31 65 22 2c 20 62 6f 72
64 65 72 3a 20 22 31 70  78 20 73 6f 6c 69 64 20
23 31 61 31 61 33 61 22  2c 20 62 6f 72 64 65 72
52 61 64 69 75 73 3a 20  38 20 7d 7d 20 2f 3e 0d
0a 20 20 20 20 20 20 20  20 20 20 20 20 20 20 20
20 20 20 3c 2f 50 69 65  43 68 61 72 74 3e 0d 0a
20 20 20 20 20 20 20 20  20 20 20 20 20 20 20 20
3c 2f 52 65 73 70 6f 6e  73 69 76 65 43 6f 6e 74
61 69 6e 65 72 3e 0d 0a  20 20 20 20 20 20 20 20
20 20 20 20 20 20 3c 2f  64 69 76 3e 0d 0a 20 20
20 20 20 20 20 20 20 20  20 20 20 20 3c 64 69 76
20 63 6c 61 73 73 4e 61  6d 65 3d 22 73 70 61 63
65 2d 79 2d 33 20 6d 74  2d 32 22 3e 0d 0a 20 20
20 20 20 20 20 20 20 20  20 20 20 20 20 20 7b 61
6c 6c 6f 63 61 74 69 6f  6e 44 61 74 61 2e 6d 61
70 28 28 69 74 65 6d 2c  20 69 29 20 3d 3e 20 28
0d 0a 20 20 20 20 20 20  20 20 20 20 20 20 20 20
20 20 20 20 3c 64 69 76  20 6b 65 79 3d 7b 69 74
65 6d 2e 6e 61 6d 65 7d  20 63 6c 61 73 73 4e 61
6d 65 3d 22 66 6c 65 78  20 69 74 65 6d 73 2d 63
65 6e 74 65 72 20 6a 75  73 74 69 66 79 2d 62 65
74 77 65 65 6e 20 74 65  78 74 2d 78 73 22 3e 0d
0a 20 20 20 20 20 20 20  20 20 20 20 20 20 20 20
20 20 20 20 20 3c 64 69  76 20 63 6c 61 73 73 4e
61 6d 65 3d 22 66 6c 65  78 20 69 74 65 6d 73 2d
63 65 6e 74 65 72 20 67  61 70 2d 32 22 3e 0d 0a
20 20 20 20 20 20 20 20  20 20 20 20 20 20 20 20
20 20 20 20 20 20 3c 64  69 76 20 63 6c 61 73 73
4e 61 6d 65 3d 22 77 2d  32 20 68 2d 32 20 72 6f
75 6e 64 65 64 2d 66 75  6c 6c 22 20 73 74 79 6c
65 3d 7b 7b 20 62 61 63  6b 67 72 6f 75 6e 64 3a
20 41 4c 4c 4f 43 41 54  49 4f 4e 5f 43 4f 4c 4f
52 53 5b 69 20 25 20 41  4c 4c 4f 43 41 54 49 4f
4e 5f 43 4f 4c 4f 52 53  2e 6c 65 6e 67 74 68 5d
20 7d 7d 20 2f 3e 0d 0a  20 20 20 20 20 20 20 20
20 20 20 20 20 20 20 20  20 20 20 20 20 20 3c 73
70 61 6e 20 63 6c 61 73  73 4e 61 6d 65 3d 22 74
65 78 74 2d 78 63 2d 6d  75 74 65 64 22 3e 7b 69
74 65 6d 2e 6e 61 6d 65  7d 3c 2f 73 70 61 6e 3e
0d 0a 20 20 20 20 20 20  20 20 20 20 20 20 20 20
20 20 20 20 20 20 3c 2f  64 69 76 3e 0d 0a 20 20
20 20 20 20 20 20 20 20  20 20 20 20 20 20 20 20
20 20 3c 73 70 61 6e 20  63 6c 61 73 73 4e 61 6d
65 3d 22 66 6f 6e 74 2d  6d 6f 6e 6f 20 66 6f 6e
74 2d 62 6f 6c 64 20 74  65 78 74 2d 77 68 69 74
65 22 3e 7b 69 74 65 6d  2e 76 61 6c 75 65 7d 25
3c 2f 73 70 61 6e 3e 0d  0a 20 20 20 20 20 20 20
20 20 20 20 20 20 20 20  20 20 20 3c 2f 64 69 76
3e 0d 0a 20 20 20 20 20  20 20 20 20 20 20 20 20
20 20 20 29 29 7d 0d 0a  20 20 20 20 20 20 20 20
20 20 20 20 20 20 3c 2f  64 69 76 3e 0d 0a 20 20
20 20 20 20 20 20 20 20  20 20 3c 2f 64 69 76 3e
0d 0a 20 20 20 20 20 20  20 20 20 20 3c 2f 64 69
76 3e 0d 0a 0d 0a 20 20  20 20 20 20 20 20 20 20
7b 2f 2a 20 54 72 61 64  69 6e 67 20 56 6f 6c 75
6d 65 20 43 68 61 72 74  20 2a 2f 7d 0d 0a 20 20
20 20 20 20 20 20 20 20  3c 64 69 76 20 63 6c 61
73 73 4e 61 6d 65 3d 22  62 67 2d 78 63 2d 63 61
72 64 20 62 6f 72 64 65  72 20 62 6f 72 64 65 72
2d 78 63 2d 62 6f 72 64  65 72 20 72 6f 75 6e 64
65 64 2d 32 78 6c 20 70  2d 34 20 73 6d 3a 70 2d
36 22 3e 0d 0a 20 20 20  20 20 20 20 20 20 20 20
20 3c 64 69 76 20 63 6c  61 73 73 4e 61 6d 65 3d
22 66 6c 65 78 20 69 74  65 6d 73 2d 63 65 6e 74
65 72 20 6a 75 73 74 69  66 79 2d 62 65 74 77 65
65 6e 20 6d 62 2d 35 22  3e 0d 0a 20 20 20 20 20
20 20 20 20 20 20 20 20  20 3c 64 69 76 20 63 6c
61 73 73 4e 61 6d 65 3d  22 66 6c 65 78 20 69 74
65 6d 73 2d 63 65 6e 74  65 72 20 67 61 70 2d 32
22 3e 0d 0a 20 20 20 20  20 20 20 20 20 20 20 20
20 20 20 20 3c 42 61 72  43 68 61 72 74 33 20 63
6c 61 73 73 4e 61 6d 65  3d 22 77 2d 34 20 68 2d
34 20 74 65 78 74 2d 77  68 69 74 65 2f 35 30 22
20 2f 3e 0d 0a 20 20 20  20 20 20 20 20 20 20 20
20 20 20 20 20 3c 68 33  20 63 6c 61 73 73 4e 61
6d 65 3d 22 66 6f 6e 74  2d 62 6c 61 63 6b 20 74
65 78 74 2d 77 68 69 74  65 20 74 65 78 74 2d 62
61 73 65 22 3e 54 72 61  64 69 6e 67 20 56 6f 6c
75 6d 65 3c 2f 68 33 3e  0d 0a 20 20 20 20 20 20
20 20 20 20 20 20 20 20  20 20 3c 73 70 61 6e 20
63 6c 61 73 73 4e 61 6d  65 3d 22 74 65 78 74 2d
78 73 20 74 65 78 74 2d  78 63 2d 6d 75 74 65 64
22 3e 31 34 2d 64 61 79  20 6f 76 65 72 76 69 65
77 3c 2f 73 70 61 6e 3e  0d 0a 20 20 20 20 20 20
20 20 20 20 20 20 20 20  3c 2f 64 69 76 3e 0d 0a
20 20 20 20 20 20 20 20  20 20 20 20 20 20 3c 42
61 64 67 65 20 76 61 72  69 61 6e 74 3d 22 64 65
66 61 75 6c 74 22 20 73  69 7a 65 3d 22 73 6d 22
3e 7b 76 6f 6c 75 6d 65  44 61 74 61 2e 72 65 64
75 63 65 28 28 73 2c 20  64 29 20 3d 3e 20 73 20
2b 20 64 2e 74 72 61 64  65 73 2c 20 30 29 7d 20
74 72 61 64 65 73 3c 2f  42 61 64 67 65 3e 0d 0a
20 20 20 20 20 20 20 20  20 20 20 20 3c 2f 64 69
76 3e 0d 0a 20 20 20 20  20 20 20 20 20 20 20 20
3c 64 69 76 20 73 74 79  6c 65 3d 7b 7b 20 68 65
69 67 68 74 3a 20 31 38  30 20 7d 7d 3e 0d 0a 20
20 20 20 20 20 20 20 20  20 20 20 20 20 3c 52 65
73 70 6f 6e 73 69 76 65  43 6f 6e 74 61 69 6e 65
72 20 77 69 64 74 68 3d  22 31 30 30 25 22 20 68
65 69 67 68 74 3d 22 31  30 30 25 22 3e 0d 0a 20
20 20 20 20 20 20 20 20  20 20 20 20 20 20 20 3c
42 61 72 43 68 61 72 74  20 64 61 74 61 3d 7b 76
6f 6c 75 6d 65 44 61 74  61 7d 20 6d 61 72 67 69
6e 3d 7b 7b 20 74 6f 70  3a 20 35 2c 20 72 69 67
68 74 3a 20 35 2c 20 62  6f 74 74 6f 6d 3a 20 35
2c 20 6c 65 66 74 3a 20  35 20 7d 7d 3e 0d 0a 20
20 20 20 20 20 20 20 20  20 20 20 20 20 20 20 20
20 3c 58 41 78 69 73 20  64 61 74 61 4b 65 79 3d
22 64 61 74 65 22 20 74  69 63 6b 3d 7b 7b 20 66
69 6c 6c 3a 20 22 23 36  34 37 34 38 62 22 2c 20
66 6f 6e 74 53 69 7a 65  3a 20 31 30 20 7d 7d 20
61 78 69 73 4c 69 6e 65  3d 7b 66 61 6c 73 65 7d
20 74 69 63 6b 4c 69 6e  65 3d 7b 66 61 6c 73 65
7d 20 69 6e 74 65 72 76  61 6c 3d 22 70 72 65 73
65 72 76 65 53 74 61 72  74 45 6e 64 22 20 2f 3e
0d 0a 20 20 20 20 20 20  20 20 20 20 20 20 20 20
20 20 20 20 3c 59 41 78  69 73 20 74 69 63 6b 3d
7b 7b 20 66 69 6c 6c 3a  20 22 23 36 34 37 34 38
62 22 2c 20 66 6f 6e 74  53 69 7a 65 3a 20 31 30
20 7d 7d 20 61 78 69 73  4c 69 6e 65 3d 7b 66 61
6c 73 65 7d 20 74 69 63  6b 4c 69 6e 65 3d 7b 66
61 6c 73 65 7d 20 74 69  63 6b 46 6f 72 6d 61 74
74 65 72 3d 7b 28 76 29  20 3d 3e 20 60 24 24 7b
28 4e 75 6d 62 65 72 28  76 20 3f 3f 20 30 29 20
2f 20 31 30 30 30 29 2e  74 6f 46 69 78 65 64 28
30 29 7d 6b 60 7d 20 2f  3e 0d 0a 20 20 20 20 20
20 20 20 20 20 20 20 20  20 20 20 20 20 3c 54 6f
6f 6c 74 69 70 20 63 6f  6e 74 65 6e 74 53 74 79
6c 65 3d 7b 7b 20 62 61  63 6b 67 72 6f 75 6e 64
3a 20 22 23 30 64 30 64  31 65 22 2c 20 62 6f 72
64 65 72 3a 20 22 31 70  78 20 73 6f 6c 69 64 20
23 31 61 31 61 33 61 22  2c 20 62 6f 72 64 65 72
52 61 64 69 75 73 3a 20  38 2c 20 66 6f 6e 74 53
69 7a 65 3a 20 31 32 20  7d 7d 20 66 6f 72 6d 61
74 74 65 72 3d 7b 28 76  3a 20 6e 75 6d 62 65 72
2c 20 6e 61 6d 65 3a 20  73 74 72 69 6e 67 29 20
3d 3e 20 5b 6e 61 6d 65  20 3d 3d 3d 20 22 76 6f
6c 75 6d 65 22 20 3f 20  66 6f 72 6d 61 74 43 75
72 72 65 6e 63 79 28 4e  75 6d 62 65 72 28 76 20
3f 3f 20 30 29 29 20 3a  20 76 2c 20 6e 61 6d 65
20 3d 3d 3d 20 22 76 6f  6c 75 6d 65 22 20 3f 20
22 56 6f 6c 75 6d 65 22  20 3a 20 22 54 72 61 64
65 73 22 5d 7d 20 2f 3e  0d 0a 20 20 20 20 20 20
20 20 20 20 20 20 20 20  20 20 20 20 3c 42 61 72
20 64 61 74 61 4b 65 79  3d 22 76 6f 6c 75 6d 65
22 20 72 61 64 69 75 73  3d 7b 5b 34 2c 20 34 2c
20 30 2c 20 30 5d 7d 3e  0d 0a 20 20 20 20 20 20
20 20 20 20 20 20 20 20  20 20 20 20 20 20 7b 76
6f 6c 75 6d 65 44 61 74  61 2e 6d 61 70 28 28 5f
2c 20 69 29 20 3d 3e 20  3c 43 65 6c 6c 20 6b 65
79 3d 7b 69 7d 20 66 69  6c 6c 3d 7b 22 23 37 63
33 61 65 64 22 7d 20 6f  70 61 63 69 74 79 3d 7b
69 20 3d 3d 3d 20 76 6f  6c 75 6d 65 44 61 74 61
2e 6c 65 6e 67 74 68 20  2d 20 31 20 3f 20 30 2e
39 20 3a 20 30 2e 34 7d  20 2f 3e 29 7d 0d 0a 20
20 20 20 20 20 20 20 20  20 20 20 20 20 20 20 20
20 3c 2f 42 61 72 3e 0d  0a 20 20 20 20 20 20 20
20 20 20 20 20 20 20 20  20 3c 2f 42 61 72 43 68
61 72 74 3e 0d 0a 20 20  20 20 20 20 20 20 20 20
20 20 20 20 3c 2f 52 65  73 70 6f 6e 73 69 76 65
43 6f 6e 74 61 69 6e 65  72 3e 0d 0a 20 20 20 20
20 20 20 20 20 20 20 20  3c 2f 64 69 76 3e 0d 0a
20 20 20 20 20 20 20 20  20 20 3c 2f 64 69 76 3e
0d 0a 0d 0a 20 20 20 20  20 20 20 20 20 20 7b 2f
2a 20 43 61 70 69 74 61  6c 20 52 61 69 6c 73 20
2b 20 51 75 69 63 6b 20  44 65 70 6c 6f 79 20 2a
2f 7d 0d 0a 20 20 20 20  20 20 20 20 20 20 3c 64
69 76 20 63 6c 61 73 73  4e 61 6d 65 3d 22 67 72
69 64 20 6c 67 3a 67 72  69 64 2d 63 6f 6c 73 2d
33 20 67 61 70 2d 34 20  69 74 65 6d 73 2d 73 74
61 72 74 22 3e 0d 0a 20  20 20 20 20 20 20 20 20
20 20 20 3c 64 69 76 20  63 6c 61 73 73 4e 61 6d
65 3d 22 6c 67 3a 63 6f  6c 2d 73 70 61 6e 2d 32
20 62 67 2d 78 63 2d 63  61 72 64 20 62 6f 72 64
65 72 20 62 6f 72 64 65  72 2d 78 63 2d 62 6f 72
64 65 72 20 72 6f 75 6e  64 65 64 2d 32 78 6c 20
70 2d 35 22 3e 0d 0a 20  20 20 20 20 20 20 20 20
20 20 20 20 20 3c 64 69  76 20 63 6c 61 73 73 4e
61 6d 65 3d 22 66 6c 65  78 20 69 74 65 6d 73 2d
63 65 6e 74 65 72 20 6a  75 73 74 69 66 79 2d 62
65 74 77 65 65 6e 20 6d  62 2d 35 22 3e 0d 0a 20
20 20 20 20 20 20 20 20  20 20 20 20 20 20 20 3c
64 69 76 20 63 6c 61 73  73 4e 61 6d 65 3d 22 66
6c 65 78 20 69 74 65 6d  73 2d 63 65 6e 74 65 72
20 67 61 70 2d 32 22 3e  0d 0a 20 20 20 20 20 20
20 20 20 20 20 20 20 20  20 20 20 20 3c 54 61 72
67 65 74 20 63 6c 61 73  73 4e 61 6d 65 3d 22 77
2d 34 20 68 2d 34 20 74  65 78 74 2d 77 68 69 74
65 2f 37 30 22 20 2f 3e  0d 0a 20 20 20 20 20 20
20 20 20 20 20 20 20 20  20 20 20 20 3c 68 33 20
63 6c 61 73 73 4e 61 6d  65 3d 22 66 6f 6e 74 2d
62 6c 61 63 6b 20 74 65  78 74 2d 77 68 69 74 65
20 74 65 78 74 2d 62 61  73 65 22 3e 43 61 70 69
74 61 6c 20 52 61 69 6c  73 20 44 65 70 6c 6f 79
6d 65 6e 74 3c 2f 68 33  3e 0d 0a 20 20 20 20 20
20 20 20 20 20 20 20 20  20 20 20 3c 2f 64 69 76
3e 0d 0a 20 20 20 20 20  20 20 20 20 20 20 20 20
20 20 20 3c 73 70 61 6e  20 63 6c 61 73 73 4e 61
6d 65 3d 22 74 65 78 74  2d 78 73 20 66 6f 6e 74
2d 6d 6f 6e 6f 20 74 65  78 74 2d 78 63 2d 6d 75
74 65 64 22 3e 4c 49 56  45 20 41 4c 4c 4f 43 41
54 49 4f 4e 3c 2f 73 70  61 6e 3e 0d 0a 20 20 20
20 20 20 20 20 20 20 20  20 20 20 3c 2f 64 69 76
3e 0d 0a 20 20 20 20 20  20 20 20 20 20 20 20 20
20 3c 64 69 76 20 63 6c  61 73 73 4e 61 6d 65 3d
22 73 70 61 63 65 2d 79  2d 33 2e 35 22 3e 0d 0a
20 20 20 20 20 20 20 20  20 20 20 20 20 20 20 20
7b 5b 0d 0a 20 20 20 20  20 20 20 20 20 20 20 20
20 20 20 20 20 20 7b 20  72 61 69 6c 3a 20 22 50
75 62 6c 69 63 20 4d 61  72 6b 65 74 73 22 2c 20
70 63 74 3a 20 33 38 2e  36 2c 20 61 6d 6f 75 6e
74 3a 20 34 38 32 30 30  2c 20 63 6f 6c 6f 72 3a
20 22 23 37 63 33 61 65  64 22 2c 20 74 61 67 3a
20 22 4e 41 53 44 41 51  20 c2 b7 20 4e 59 53 45
20 c2 b7 20 4c 53 45 22  20 7d 2c 0d 0a 20 20 20
20 20 20 20 20 20 20 20  20 20 20 20 20 20 20 7b
20 72 61 69 6c 3a 20 22  50 72 69 76 61 74 65 20
45 71 75 69 74 79 22 2c  20 70 63 74 3a 20 32 34
2e 38 2c 20 61 6d 6f 75  6e 74 3a 20 33 30 39 37
36 2c 20 63 6f 6c 6f 72  3a 20 22 23 30 36 62 36
64 34 22 2c 20 74 61 67  3a 20 22 53 50 56 73 20
c2 b7 20 50 72 65 2d 49  50 4f 22 20 7d 2c 0d 0a
20 20 20 20 20 20 20 20  20 20 20 20 20 20 20 20
20 20 7b 20 72 61 69 6c  3a 20 22 54 6f 6b 65 6e
69 7a 65 64 20 41 73 73  65 74 73 22 2c 20 70 63
74 3a 20 31 35 2e 30 2c  20 61 6d 6f 75 6e 74 3a
20 31 38 37 32 30 2c 20  63 6f 6c 6f 72 3a 20 22
23 64 39 37 37 30 36 22  2c 20 74 61 67 3a 20 22
50 6f 6c 79 67 6f 6e 20  c2 b7 20 45 52 43 2d 33
36 34 33 22 20 7d 2c 0d  0a 20 20 20 20 20 20 20
20 20 20 20 20 20 20 20  20 20 20 7b 20 72 61 69
6c 3a 20 22 43 6f 6d 6d  65 72 63 65 20 43 61 70
69 74 61 6c 22 2c 20 70  63 74 3a 20 39 2e 39 2c
20 61 6d 6f 75 6e 74 3a  20 31 32 33 35 35 2c 20
63 6f 6c 6f 72 3a 20 22  23 31 30 62 39 38 31 22
2c 20 74 61 67 3a 20 22  54 65 73 6c 61 20 c2 b7
20 53 70 61 63 65 58 20  4d 65 72 63 68 22 20 7d
2c 0d 0a 20 20 20 20 20  20 20 20 20 20 20 20 20
20 20 20 20 20 7b 20 72  61 69 6c 3a 20 22 41 49
20 48 65 64 67 65 22 2c  20 70 63 74 3a 20 31 31
2e 37 2c 20 61 6d 6f 75  6e 74 3a 20 31 34 36 30
32 2c 20 63 6f 6c 6f 72  3a 20 22 23 61 37 38 62
66 61 22 2c 20 74 61 67  3a 20 22 58 2d 4f 52 41
43 4c 45 20 4d 61 6e 61  67 65 64 22 20 7d 2c 0d
0a 20 20 20 20 20 20 20  20 20 20 20 20 20 20 20
20 5d 2e 6d 61 70 28 28  7b 20 72 61 69 6c 2c 20
70 63 74 2c 20 61 6d 6f  75 6e 74 2c 20 63 6f 6c
6f 72 2c 20 74 61 67 20  7d 29 20 3d 3e 20 28 0d
0a 20 20 20 20 20 20 20  20 20 20 20 20 20 20 20
20 20 20 3c 64 69 76 20  6b 65 79 3d 7b 72 61 69
6c 7d 20 63 6c 61 73 73  4e 61 6d 65 3d 22 66 6c
65 78 20 69 74 65 6d 73  2d 63 65 6e 74 65 72 20
67 61 70 2d 34 22 3e 0d  0a 20 20 20 20 20 20 20
20 20 20 20 20 20 20 20  20 20 20 20 20 3c 64 69
76 20 63 6c 61 73 73 4e  61 6d 65 3d 22 66 6c 65
78 2d 31 20 6d 69 6e 2d  77 2d 30 22 3e 0d 0a 20
20 20 20 20 20 20 20 20  20 20 20 20 20 20 20 20
20 20 20 20 20 3c 64 69  76 20 63 6c 61 73 73 4e
61 6d 65 3d 22 66 6c 65  78 20 69 74 65 6d 73 2d
63 65 6e 74 65 72 20 6a  75 73 74 69 66 79 2d 62
65 74 77 65 65 6e 20 6d  62 2d 31 2e 35 22 3e 0d
0a 20 20 20 20 20 20 20  20 20 20 20 20 20 20 20
20 20 20 20 20 20 20 20  20 3c 64 69 76 20 63 6c
61 73 73 4e 61 6d 65 3d  22 66 6c 65 78 20 69 74
65 6d 73 2d 63 65 6e 74  65 72 20 67 61 70 2d 32
20 6d 69 6e 2d 77 2d 30  22 3e 0d 0a 20 20 20 20
20 20 20 20 20 20 20 20  20 20 20 20 20 20 20 20
20 20 20 20 20 20 3c 73  70 61 6e 20 63 6c 61 73
73 4e 61 6d 65 3d 22 74  65 78 74 2d 78 73 20 66
6f 6e 74 2d 73 65 6d 69  62 6f 6c 64 20 74 65 78
74 2d 77 68 69 74 65 20  77 68 69 74 65 73 70 61
63 65 2d 6e 6f 77 72 61  70 22 3e 7b 72 61 69 6c
7d 3c 2f 73 70 61 6e 3e  0d 0a 20 20 20 20 20 20
20 20 20 20 20 20 20 20  20 20 20 20 20 20 20 20
20 20 20 20 3c 73 70 61  6e 20 63 6c 61 73 73 4e
61 6d 65 3d 22 74 65 78  74 2d 78 73 20 66 6f 6e
74 2d 6d 6f 6e 6f 20 74  65 78 74 2d 78 63 2d 6d
75 74 65 64 20 68 69 64  64 65 6e 20 73 6d 3a 62
6c 6f 63 6b 22 3e 7b 74  61 67 7d 3c 2f 73 70 61
6e 3e 0d 0a 20 20 20 20  20 20 20 20 20 20 20 20
20 20 20 20 20 20 20 20  20 20 20 20 3c 2f 64 69
76 3e 0d 0a 20 20 20 20  20 20 20 20 20 20 20 20
20 20 20 20 20 20 20 20  20 20 20 20 3c 73 70 61
6e 20 63 6c 61 73 73 4e  61 6d 65 3d 22 74 65 78
74 2d 78 73 20 66 6f 6e  74 2d 6d 6f 6e 6f 20 66
6f 6e 74 2d 62 6f 6c 64  20 74 65 78 74 2d 77 68
69 74 65 20 6d 6c 2d 32  20 77 68 69 74 65 73 70
61 63 65 2d 6e 6f 77 72  61 70 22 3e 7b 66 6f 72
6d 61 74 43 75 72 72 65  6e 63 79 28 61 6d 6f 75
6e 74 29 7d 3c 2f 73 70  61 6e 3e 0d 0a 20 20 20
20 20 20 20 20 20 20 20  20 20 20 20 20 20 20 20
20 20 20 3c 2f 64 69 76  3e 0d 0a 20 20 20 20 20
20 20 20 20 20 20 20 20  20 20 20 20 20 20 20 20
20 3c 64 69 76 20 63 6c  61 73 73 4e 61 6d 65 3d
22 68 2d 31 2e 35 20 62  67 2d 77 68 69 74 65 2f
35 20 72 6f 75 6e 64 65  64 2d 66 75 6c 6c 20 6f
76 65 72 66 6c 6f 77 2d  68 69 64 64 65 6e 22 3e
0d 0a 20 20 20 20 20 20  20 20 20 20 20 20 20 20
20 20 20 20 20 20 20 20  20 20 3c 64 69 76 20 63
6c 61 73 73 4e 61 6d 65  3d 22 68 2d 66 75 6c 6c
20 72 6f 75 6e 64 65 64  2d 66 75 6c 6c 22 20 73
74 79 6c 65 3d 7b 7b 20  77 69 64 74 68 3a 20 60
24 7b 70 63 74 7d 25 60  2c 20 62 61 63 6b 67 72
6f 75 6e 64 3a 20 63 6f  6c 6f 72 20 7d 7d 20 2f
3e 0d 0a 20 20 20 20 20  20 20 20 20 20 20 20 20
20 20 20 20 20 20 20 20  20 3c 2f 64 69 76 3e 0d
0a 20 20 20 20 20 20 20  20 20 20 20 20 20 20 20
20 20 20 20 20 3c 2f 64  69 76 3e 0d 0a 20 20 20
20 20 20 20 20 20 20 20  20 20 20 20 20 20 20 20
20 3c 73 70 61 6e 20 63  6c 61 73 73 4e 61 6d 65
3d 22 74 65 78 74 2d 78  73 20 66 6f 6e 74 2d 6d
6f 6e 6f 20 74 65 78 74  2d 78 63 2d 6d 75 74 65
64 20 77 2d 39 20 74 65  78 74 2d 72 69 67 68 74
20 66 6c 65 78 2d 73 68  72 69 6e 6b 2d 30 22 3e
7b 70 63 74 7d 25 3c 2f  73 70 61 6e 3e 0d 0a 20
20 20 20 20 20 20 20 20  20 20 20 20 20 20 20 20
20 3c 2f 64 69 76 3e 0d  0a 20 20 20 20 20 20 20
20 20 20 20 20 20 20 20  20 29 29 7d 0d 0a 20 20
20 20 20 20 20 20 20 20  20 20 20 20 3c 2f 64 69
76 3e 0d 0a 20 20 20 20  20 20 20 20 20 20 20 20
3c 2f 64 69 76 3e 0d 0a  0d 0a 20 20 20 20 20 20
20 20 20 20 20 20 3c 64  69 76 20 63 6c 61 73 73
4e 61 6d 65 3d 22 62 67  2d 78 63 2d 63 61 72 64
20 62 6f 72 64 65 72 20  62 6f 72 64 65 72 2d 78
63 2d 62 6f 72 64 65 72  20 72 6f 75 6e 64 65 64
2d 32 78 6c 20 70 2d 35  22 3e 0d 0a 20 20 20 20
20 20 20 20 20 20 20 20  20 20 3c 64 69 76 20 63
6c 61 73 73 4e 61 6d 65  3d 22 66 6c 65 78 20 69
74 65 6d 73 2d 63 65 6e  74 65 72 20 67 61 70 2d
32 20 6d 62 2d 34 22 3e  0d 0a 20 20 20 20 20 20
20 20 20 20 20 20 20 20  20 20 3c 52 6f 63 6b 65
74 20 63 6c 61 73 73 4e  61 6d 65 3d 22 77 2d 34
20 68 2d 34 20 74 65 78  74 2d 77 68 69 74 65 2f
37 30 22 20 2f 3e 0d 0a  20 20 20 20 20 20 20 20
20 20 20 20 20 20 20 20  3c 68 33 20 63 6c 61 73
73 4e 61 6d 65 3d 22 66  6f 6e 74 2d 62 6c 61 63
6b 20 74 65 78 74 2d 77  68 69 74 65 20 74 65 78
74 2d 62 61 73 65 22 3e  51 75 69 63 6b 20 44 65
70 6c 6f 79 3c 2f 68 33  3e 0d 0a 20 20 20 20 20
20 20 20 20 20 20 20 20  20 3c 2f 64 69 76 3e 0d
0a 20 20 20 20 20 20 20  20 20 20 20 20 20 20 3c
64 69 76 20 63 6c 61 73  73 4e 61 6d 65 3d 22 73
70 61 63 65 2d 79 2d 33  22 3e 0d 0a 20 20 20 20
20 20 20 20 20 20 20 20  20 20 20 20 7b 5b 0d 0a
20 20 20 20 20 20 20 20  20 20 20 20 20 20 20 20
20 20 7b 20 6c 61 62 65  6c 3a 20 22 4e 56 44 41
22 2c 20 64 65 73 63 3a  20 22 42 55 59 20 c2 b7
20 41 49 20 39 34 25 20  63 6f 6e 66 2e 22 2c 20
63 6c 73 3a 20 22 62 6f  72 64 65 72 2d 77 68 69
74 65 2f 5b 30 2e 31 30  5d 20 68 6f 76 65 72 3a
62 6f 72 64 65 72 2d 77  68 69 74 65 2f 5b 30 2e
31 30 5d 2f 36 30 20 68  6f 76 65 72 3a 62 67 2d
77 68 69 74 65 2f 5b 30  2e 30 32 5d 2f 32 30 22
20 7d 2c 0d 0a 20 20 20  20 20 20 20 20 20 20 20
20 20 20 20 20 20 20 7b  20 6c 61 62 65 6c 3a 20
22 54 53 4c 41 22 2c 20  64 65 73 63 3a 20 22 42
55 59 20 c2 b7 20 41 49  20 38 37 25 20 63 6f 6e
66 2e 22 2c 20 63 6c 73  3a 20 22 62 6f 72 64 65
72 2d 65 6d 65 72 61 6c  64 2d 37 30 30 2f 34 30
20 68 6f 76 65 72 3a 62  6f 72 64 65 72 2d 65 6d
65 72 61 6c 64 2d 35 30  30 2f 36 30 20 68 6f 76
65 72 3a 62 67 2d 65 6d  65 72 61 6c 64 2d 39 35
30 2f 32 30 22 20 7d 2c  0d 0a 20 20 20 20 20 20
20 20 20 20 20 20 20 20  20 20 20 20 7b 20 6c 61
62 65 6c 3a 20 22 42 54  43 22 2c 20 64 65 73 63
3a 20 22 48 4f 4c 44 20  c2 b7 20 4d 6f 6e 69 74
6f 72 22 2c 20 63 6c 73  3a 20 22 62 6f 72 64 65
72 2d 77 68 69 74 65 2f  5b 30 2e 31 30 5d 2f 34
30 20 68 6f 76 65 72 3a  62 6f 72 64 65 72 2d 77
68 69 74 65 2f 5b 30 2e  31 30 5d 2f 35 30 20 68
6f 76 65 72 3a 62 67 2d  77 68 69 74 65 2f 5b 30
2e 30 33 5d 2f 31 35 22  20 7d 2c 0d 0a 20 20 20
20 20 20 20 20 20 20 20  20 20 20 20 20 20 20 7b
20 6c 61 62 65 6c 3a 20  22 53 50 56 20 46 75 6e
64 22 2c 20 64 65 73 63  3a 20 22 4e 65 77 20 41
6c 6c 6f 63 61 74 69 6f  6e 22 2c 20 63 6c 73 3a
20 22 62 6f 72 64 65 72  2d 77 68 69 74 65 2f 5b
30 2e 30 38 5d 2f 34 30  20 68 6f 76 65 72 3a 62
6f 72 64 65 72 2d 77 68  69 74 65 2f 32 30 20 68
6f 76 65 72 3a 62 67 2d  77 68 69 74 65 2f 5b 30
2e 30 32 5d 2f 32 30 22  20 7d 2c 0d 0a 20 20 20
20 20 20 20 20 20 20 20  20 20 20 20 20 5d 2e 6d
61 70 28 28 7b 20 6c 61  62 65 6c 2c 20 64 65 73
63 2c 20 63 6c 73 20 7d  29 20 3d 3e 20 28 0d 0a
20 20 20 20 20 20 20 20  20 20 20 20 20 20 20 20
20 20 3c 4c 69 6e 6b 20  6b 65 79 3d 7b 6c 61 62
65 6c 7d 20 68 72 65 66  3d 22 2f 74 72 61 64 69
6e 67 22 20 63 6c 61 73  73 4e 61 6d 65 3d 7b 60
66 6c 65 78 20 69 74 65  6d 73 2d 63 65 6e 74 65
72 20 6a 75 73 74 69 66  79 2d 62 65 74 77 65 65
6e 20 77 2d 66 75 6c 6c  20 62 67 2d 77 68 69 74
65 2f 5b 30 2e 30 33 5d  20 62 6f 72 64 65 72 20
24 7b 63 6c 73 7d 20 72  6f 75 6e 64 65 64 2d 78
6c 20 70 78 2d 33 2e 35  20 70 79 2d 32 2e 35 20
74 72 61 6e 73 69 74 69  6f 6e 2d 61 6c 6c 20 67
72 6f 75 70 60 7d 3e 0d  0a 20 20 20 20 20 20 20
20 20 20 20 20 20 20 20  20 20 20 20 20 3c 64 69
76 3e 0d 0a 20 20 20 20  20 20 20 20 20 20 20 20
20 20 20 20 20 20 20 20  20 20 3c 64 69 76 20 63
6c 61 73 73 4e 61 6d 65  3d 22 74 65 78 74 2d 73
6d 20 66 6f 6e 74 2d 62  6f 6c 64 20 74 65 78 74
2d 77 68 69 74 65 22 3e  7b 6c 61 62 65 6c 7d 3c
2f 64 69 76 3e 0d 0a 20  20 20 20 20 20 20 20 20
20 20 20 20 20 20 20 20  20 20 20 20 20 3c 64 69
76 20 63 6c 61 73 73 4e  61 6d 65 3d 22 74 65 78
74 2d 78 73 20 74 65 78  74 2d 78 63 2d 6d 75 74
65 64 22 3e 7b 64 65 73  63 7d 3c 2f 64 69 76 3e
0d 0a 20 20 20 20 20 20  20 20 20 20 20 20 20 20
20 20 20 20 20 20 3c 2f  64 69 76 3e 0d 0a 20 20
20 20 20 20 20 20 20 20  20 20 20 20 20 20 20 20
20 20 3c 41 72 72 6f 77  55 70 52 69 67 68 74 20
63 6c 61 73 73 4e 61 6d  65 3d 22 77 2d 34 20 68
2d 34 20 74 65 78 74 2d  78 63 2d 6d 75 74 65 64
20 67 72 6f 75 70 2d 68  6f 76 65 72 3a 74 65 78
74 2d 77 68 69 74 65 20  74 72 61 6e 73 69 74 69
6f 6e 2d 63 6f 6c 6f 72  73 22 20 2f 3e 0d 0a 20
20 20 20 20 20 20 20 20  20 20 20 20 20 20 20 20
20 3c 2f 4c 69 6e 6b 3e  0d 0a 20 20 20 20 20 20
20 20 20 20 20 20 20 20  20 20 29 29 7d 0d 0a 20
20 20 20 20 20 20 20 20  20 20 20 20 20 3c 2f 64
69 76 3e 0d 0a 20 20 20  20 20 20 20 20 20 20 20
20 20 20 3c 4c 69 6e 6b  20 68 72 65 66 3d 22 2f
74 72 61 64 69 6e 67 22  20 63 6c 61 73 73 4e 61
6d 65 3d 22 6d 74 2d 34  20 77 2d 66 75 6c 6c 20
66 6c 65 78 20 69 74 65  6d 73 2d 63 65 6e 74 65
72 20 6a 75 73 74 69 66  79 2d 63 65 6e 74 65 72
20 67 61 70 2d 32 20 62  67 2d 78 63 2d 70 75 72
70 6c 65 20 68 6f 76 65  72 3a 62 67 2d 77 68 69
74 65 2f 5b 30 2e 30 38  5d 20 74 65 78 74 2d 77
68 69 74 65 20 74 65 78  74 2d 73 6d 20 66 6f 6e
74 2d 62 6f 6c 64 20 70  79 2d 32 2e 35 20 72 6f
75 6e 64 65 64 2d 78 6c  20 74 72 61 6e 73 69 74
69 6f 6e 2d 63 6f 6c 6f  72 73 20 67 6c 6f 77 2d
70 75 72 70 6c 65 22 3e  0d 0a 20 20 20 20 20 20
20 20 20 20 20 20 20 20  20 20 3c 5a 61 70 20 63
6c 61 73 73 4e 61 6d 65  3d 22 77 2d 34 20 68 2d
34 22 20 2f 3e 20 4f 70  65 6e 20 54 72 61 64 65
20 54 65 72 6d 69 6e 61  6c 0d 0a 20 20 20 20 20
20 20 20 20 20 20 20 20  20 3c 2f 4c 69 6e 6b 3e
0d 0a 20 20 20 20 20 20  20 20 20 20 20 20 3c 2f
64 69 76 3e 0d 0a 20 20  20 20 20 20 20 20 20 20
3c 2f 64 69 76 3e 0d 0a  0d 0a 20 20 20 20 20 20
20 20 20 20 7b 2f 2a 20  42 6f 74 74 6f 6d 20 52
6f 77 20 2a 2f 7d 0d 0a  20 20 20 20 20 20 20 20
20 20 3c 64 69 76 20 63  6c 61 73 73 4e 61 6d 65
3d 22 67 72 69 64 20 6c  67 3a 67 72 69 64 2d 63
6f 6c 73 2d 32 20 67 61  70 2d 34 22 3e 0d 0a 20
20 20 20 20 20 20 20 20  20 20 20 3c 64 69 76 20
63 6c 61 73 73 4e 61 6d  65 3d 22 62 67 2d 78 63
2d 63 61 72 64 20 62 6f  72 64 65 72 20 62 6f 72
64 65 72 2d 78 63 2d 62  6f 72 64 65 72 20 72 6f
75 6e 64 65 64 2d 32 78  6c 20 70 2d 34 20 73 6d
3a 70 2d 36 22 3e 0d 0a  20 20 20 20 20 20 20 20
20 20 20 20 20 20 3c 64  69 76 20 63 6c 61 73 73
4e 61 6d 65 3d 22 66 6c  65 78 20 69 74 65 6d 73
2d 63 65 6e 74 65 72 20  6a 75 73 74 69 66 79 2d
62 65 74 77 65 65 6e 20  6d 62 2d 34 22 3e 0d 0a
20 20 20 20 20 20 20 20  20 20 20 20 20 20 20 20
3c 68 33 20 63 6c 61 73  73 4e 61 6d 65 3d 22 66
6f 6e 74 2d 62 6c 61 63  6b 20 74 65 78 74 2d 77
68 69 74 65 20 74 65 78  74 2d 62 61 73 65 22 3e
4d 61 72 6b 65 74 3c 2f  68 33 3e 0d 0a 20 20 20
20 20 20 20 20 20 20 20  20 20 20 20 20 3c 4c 69
6e 6b 20 68 72 65 66 3d  22 2f 74 72 61 64 69 6e
67 22 20 63 6c 61 73 73  4e 61 6d 65 3d 22 74 65
78 74 2d 78 73 20 74 65  78 74 2d 77 68 69 74 65
2f 37 30 20 68 6f 76 65  72 3a 74 65 78 74 2d 77
68 69 74 65 20 74 72 61  6e 73 69 74 69 6f 6e 2d
63 6f 6c 6f 72 73 22 3e  56 69 65 77 20 61 6c 6c
20 e2 86 92 3c 2f 4c 69  6e 6b 3e 0d 0a 20 20 20
20 20 20 20 20 20 20 20  20 20 20 3c 2f 64 69 76
3e 0d 0a 20 20 20 20 20  20 20 20 20 20 20 20 20
20 3c 64 69 76 20 63 6c  61 73 73 4e 61 6d 65 3d
22 73 70 61 63 65 2d 79  2d 33 22 3e 0d 0a 20 20
20 20 20 20 20 20 20 20  20 20 20 20 20 20 7b 28
74 6f 70 41 73 73 65 74  73 2e 6c 65 6e 67 74 68
20 3e 20 30 20 3f 20 74  6f 70 41 73 73 65 74 73
2e 73 6c 69 63 65 28 30  2c 20 36 29 20 3a 20 6c
69 76 65 44 65 6d 6f 41  73 73 65 74 73 29 2e 6d
61 70 28 28 61 73 73 65  74 29 20 3d 3e 20 28 0d
0a 20 20 20 20 20 20 20  20 20 20 20 20 20 20 20
20 20 20 3c 64 69 76 20  6b 65 79 3d 7b 61 73 73
65 74 2e 73 79 6d 62 6f  6c 7d 20 63 6c 61 73 73
4e 61 6d 65 3d 22 66 6c  65 78 20 69 74 65 6d 73
2d 63 65 6e 74 65 72 20  6a 75 73 74 69 66 79 2d
62 65 74 77 65 65 6e 22  3e 0d 0a 20 20 20 20 20
20 20 20 20 20 20 20 20  20 20 20 20 20 20 20 3c
64 69 76 20 63 6c 61 73  73 4e 61 6d 65 3d 22 66
6c 65 78 20 69 74 65 6d  73 2d 63 65 6e 74 65 72
20 67 61 70 2d 34 22 3e  0d 0a 20 20 20 20 20 20
20 20 20 20 20 20 20 20  20 20 20 20 20 20 20 20
3c 64 69 76 20 63 6c 61  73 73 4e 61 6d 65 3d 22
77 2d 38 20 68 2d 38 20  72 6f 75 6e 64 65 64 2d
66 75 6c 6c 20 62 67 2d  67 72 61 64 69 65 6e 74
2d 74 6f 2d 62 72 20 66  72 6f 6d 2d 77 68 69 74
65 2f 5b 30 2e 30 34 5d  20 74 6f 2d 62 6c 61 63
6b 20 66 6c 65 78 20 69  74 65 6d 73 2d 63 65 6e
74 65 72 20 6a 75 73 74  69 66 79 2d 63 65 6e 74
65 72 20 74 65 78 74 2d  78 73 20 66 6f 6e 74 2d
62 6c 61 63 6b 20 74 65  78 74 2d 77 68 69 74 65
22 3e 7b 28 61 73 73 65  74 2e 73 79 6d 62 6f 6c
20 3f 3f 20 22 3f 22 29  5b 30 5d 7d 3c 2f 64 69
76 3e 0d 0a 20 20 20 20  20 20 20 20 20 20 20 20
20 20 20 20 20 20 20 20  20 20 3c 64 69 76 3e 0d
0a 20 20 20 20 20 20 20  20 20 20 20 20 20 20 20
20 20 20 20 20 20 20 20  20 3c 64 69 76 20 63 6c
61 73 73 4e 61 6d 65 3d  22 74 65 78 74 2d 73 6d
20 66 6f 6e 74 2d 73 65  6d 69 62 6f 6c 64 20 74
65 78 74 2d 77 68 69 74  65 22 3e 7b 61 73 73 65
74 2e 73 79 6d 62 6f 6c  7d 3c 2f 64 69 76 3e 0d
0a 20 20 20 20 20 20 20  20 20 20 20 20 20 20 20
20 20 20 20 20 20 20 20  20 3c 64 69 76 20 63 6c
61 73 73 4e 61 6d 65 3d  22 74 65 78 74 2d 78 73
20 74 65 78 74 2d 78 63  2d 6d 75 74 65 64 20 74
72 75 6e 63 61 74 65 20  6d 61 78 2d 77 2d 5b 31
32 30 70 78 5d 22 3e 7b  61 73 73 65 74 2e 6e 61
6d 65 7d 3c 2f 64 69 76  3e 0d 0a 20 20 20 20 20
20 20 20 20 20 20 20 20  20 20 20 20 20 20 20 20
20 3c 2f 64 69 76 3e 0d  0a 20 20 20 20 20 20 20
20 20 20 20 20 20 20 20  20 20 20 20 20 3c 2f 64
69 76 3e 0d 0a 20 20 20  20 20 20 20 20 20 20 20
20 20 20 20 20 20 20 20  20 3c 64 69 76 20 63 6c
61 73 73 4e 61 6d 65 3d  22 74 65 78 74 2d 72 69
67 68 74 22 3e 0d 0a 20  20 20 20 20 20 20 20 20
20 20 20 20 20 20 20 20  20 20 20 20 20 3c 64 69
76 20 63 6c 61 73 73 4e  61 6d 65 3d 22 74 65 78
74 2d 73 6d 20 66 6f 6e  74 2d 6d 6f 6e 6f 20 66
6f 6e 74 2d 62 6f 6c 64  20 74 65 78 74 2d 77 68
69 74 65 22 3e 7b 66 6f  72 6d 61 74 43 75 72 72
65 6e 63 79 28 4e 75 6d  62 65 72 28 61 73 73 65
74 2e 70 72 69 63 65 29  29 7d 3c 2f 64 69 76 3e
0d 0a 20 20 20 20 20 20  20 20 20 20 20 20 20 20
20 20 20 20 20 20 20 20  3c 64 69 76 20 63 6c 61
73 73 4e 61 6d 65 3d 7b  63 6e 28 22 74 65 78 74
2d 78 73 20 66 6f 6e 74  2d 73 65 6d 69 62 6f 6c
64 20 66 6c 65 78 20 69  74 65 6d 73 2d 63 65 6e
74 65 72 20 6a 75 73 74  69 66 79 2d 65 6e 64 20
67 61 70 2d 30 2e 35 22  2c 20 67 65 74 43 68 61
6e 67 65 43 6f 6c 6f 72  28 4e 75 6d 62 65 72 28
61 73 73 65 74 2e 70 72  69 63 65 43 68 61 6e 67
65 32 34 68 20 3f 3f 20  30 29 29 29 7d 3e 0d 0a
20 20 20 20 20 20 20 20  20 20 20 20 20 20 20 20
20 20 20 20 20 20 20 20  7b 28 61 73 73 65 74 2e
70 72 69 63 65 43 68 61  6e 67 65 32 34 68 20 3f
3f 20 30 29 20 3e 3d 20  30 20 3f 20 3c 41 72 72
6f 77 55 70 52 69 67 68  74 20 63 6c 61 73 73 4e
61 6d 65 3d 22 77 2d 33  20 68 2d 33 22 20 2f 3e
20 3a 20 3c 41 72 72 6f  77 44 6f 77 6e 52 69 67
68 74 20 63 6c 61 73 73  4e 61 6d 65 3d 22 77 2d
33 20 68 2d 33 22 20 2f  3e 7d 0d 0a 20 20 20 20
20 20 20 20 20 20 20 20  20 20 20 20 20 20 20 20
20 20 20 20 7b 66 6f 72  6d 61 74 50 65 72 63 65
6e 74 28 4e 75 6d 62 65  72 28 61 73 73 65 74 2e
70 72 69 63 65 43 68 61  6e 67 65 32 34 68 20 3f
3f 20 30 29 29 7d 0d 0a  20 20 20 20 20 20 20 20
20 20 20 20 20 20 20 20  20 20 20 20 20 20 3c 2f
64 69 76 3e 0d 0a 20 20  20 20 20 20 20 20 20 20
20 20 20 20 20 20 20 20  20 20 3c 2f 64 69 76 3e
0d 0a 20 20 20 20 20 20  20 20 20 20 20 20 20 20
20 20 20 20 3c 2f 64 69  76 3e 0d 0a 20 20 20 20
20 20 20 20 20 20 20 20  20 20 20 20 29 29 7d 0d
0a 20 20 20 20 20 20 20  20 20 20 20 20 20 20 3c
2f 64 69 76 3e 0d 0a 20  20 20 20 20 20 20 20 20
20 20 20 3c 2f 64 69 76  3e 0d 0a 0d 0a 20 20 20
20 20 20 20 20 20 20 20  20 3c 64 69 76 20 63 6c
61 73 73 4e 61 6d 65 3d  22 62 67 2d 78 63 2d 63
61 72 64 20 62 6f 72 64  65 72 20 62 6f 72 64 65
72 2d 78 63 2d 62 6f 72  64 65 72 20 72 6f 75 6e
64 65 64 2d 32 78 6c 20  70 2d 34 20 73 6d 3a 70
2d 36 22 3e 0d 0a 20 20  20 20 20 20 20 20 20 20
20 20 20 20 3c 64 69 76  20 63 6c 61 73 73 4e 61
6d 65 3d 22 66 6c 65 78  20 69 74 65 6d 73 2d 63
65 6e 74 65 72 20 6a 75  73 74 69 66 79 2d 62 65
74 77 65 65 6e 20 6d 62  2d 34 22 3e 0d 0a 20 20
20 20 20 20 20 20 20 20  20 20 20 20 20 20 3c 68
33 20 63 6c 61 73 73 4e  61 6d 65 3d 22 66 6f 6e
74 2d 62 6c 61 63 6b 20  74 65 78 74 2d 77 68 69
74 65 20 74 65 78 74 2d  62 61 73 65 22 3e 52 65
63 65 6e 74 20 41 63 74  69 76 69 74 79 3c 2f 68
33 3e 0d 0a 20 20 20 20  20 20 20 20 20 20 20 20
20 20 20 20 3c 4c 69 6e  6b 20 68 72 65 66 3d 22
2f 77 61 6c 6c 65 74 22  20 63 6c 61 73 73 4e 61
6d 65 3d 22 74 65 78 74  2d 78 73 20 74 65 78 74
2d 77 68 69 74 65 2f 37  30 20 68 6f 76 65 72 3a
74 65 78 74 2d 77 68 69  74 65 20 74 72 61 6e 73
69 74 69 6f 6e 2d 63 6f  6c 6f 72 73 22 3e 56 69
65 77 20 61 6c 6c 20 e2  86 92 3c 2f 4c 69 6e 6b
3e 0d 0a 20 20 20 20 20  20 20 20 20 20 20 20 20
20 3c 2f 64 69 76 3e 0d  0a 20 20 20 20 20 20 20
20 20 20 20 20 20 20 3c  64 69 76 20 63 6c 61 73
73 4e 61 6d 65 3d 22 73  70 61 63 65 2d 79 2d 33
22 3e 0d 0a 20 20 20 20  20 20 20 20 20 20 20 20
20 20 20 20 7b 74 72 61  6e 73 61 63 74 69 6f 6e
73 2e 6d 61 70 28 28 74  78 2c 20 69 29 20 3d 3e
20 28 0d 0a 20 20 20 20  20 20 20 20 20 20 20 20
20 20 20 20 20 20 3c 64  69 76 20 6b 65 79 3d 7b
74 78 2e 69 64 20 7c 7c  20 69 7d 20 63 6c 61 73
73 4e 61 6d 65 3d 22 66  6c 65 78 20 69 74 65 6d
73 2d 63 65 6e 74 65 72  20 6a 75 73 74 69 66 79
2d 62 65 74 77 65 65 6e  22 3e 0d 0a 20 20 20 20
20 20 20 20 20 20 20 20  20 20 20 20 20 20 20 20
3c 64 69 76 20 63 6c 61  73 73 4e 61 6d 65 3d 22
66 6c 65 78 20 69 74 65  6d 73 2d 63 65 6e 74 65
72 20 67 61 70 2d 34 22  3e 0d 0a 20 20 20 20 20
20 20 20 20 20 20 20 20  20 20 20 20 20 20 20 20
20 3c 64 69 76 20 63 6c  61 73 73 4e 61 6d 65 3d
7b 63 6e 28 22 77 2d 38  20 68 2d 38 20 72 6f 75
6e 64 65 64 2d 66 75 6c  6c 20 66 6c 65 78 20 69
74 65 6d 73 2d 63 65 6e  74 65 72 20 6a 75 73 74
69 66 79 2d 63 65 6e 74  65 72 22 2c 20 74 78 2e
74 79 70 65 20 3d 3d 3d  20 22 44 45 50 4f 53 49
54 22 20 3f 20 22 62 67  2d 65 6d 65 72 61 6c 64
2d 39 35 30 2f 36 30 22  20 3a 20 74 78 2e 74 79
70 65 20 3d 3d 3d 20 22  57 49 54 48 44 52 41 57
41 4c 22 20 3f 20 22 62  67 2d 72 65 64 2d 39 35
30 2f 36 30 22 20 3a 20  22 62 67 2d 77 68 69 74
65 2f 5b 30 2e 30 32 5d  2f 36 30 22 29 7d 3e 0d
0a 20 20 20 20 20 20 20  20 20 20 20 20 20 20 20
20 20 20 20 20 20 20 20  20 7b 74 78 2e 74 79 70
65 20 3d 3d 3d 20 22 44  45 50 4f 53 49 54 22 20
3f 20 3c 41 72 72 6f 77  44 6f 77 6e 52 69 67 68
74 20 63 6c 61 73 73 4e  61 6d 65 3d 22 77 2d 34
20 68 2d 34 20 74 65 78  74 2d 78 63 2d 67 72 65
65 6e 22 20 2f 3e 20 3a  20 74 78 2e 74 79 70 65
20 3d 3d 3d 20 22 57 49  54 48 44 52 41 57 41 4c
22 20 3f 20 3c 41 72 72  6f 77 55 70 52 69 67 68
74 20 63 6c 61 73 73 4e  61 6d 65 3d 22 77 2d 34
20 68 2d 34 20 74 65 78  74 2d 78 63 2d 72 65 64
22 20 2f 3e 20 3a 20 3c  42 61 72 43 68 61 72 74
33 20 63 6c 61 73 73 4e  61 6d 65 3d 22 77 2d 34
20 68 2d 34 20 74 65 78  74 2d 77 68 69 74 65 2f
37 30 22 20 2f 3e 7d 0d  0a 20 20 20 20 20 20 20
20 20 20 20 20 20 20 20  20 20 20 20 20 20 20 3c
2f 64 69 76 3e 0d 0a 20  20 20 20 20 20 20 20 20
20 20 20 20 20 20 20 20  20 20 20 20 20 3c 64 69
76 3e 0d 0a 20 20 20 20  20 20 20 20 20 20 20 20
20 20 20 20 20 20 20 20  20 20 20 20 3c 64 69 76
20 63 6c 61 73 73 4e 61  6d 65 3d 22 74 65 78 74
2d 73 6d 20 66 6f 6e 74  2d 6d 65 64 69 75 6d 20
74 65 78 74 2d 77 68 69  74 65 20 63 61 70 69 74
61 6c 69 7a 65 22 3e 7b  74 78 2e 74 79 70 65 2e
72 65 70 6c 61 63 65 28  2f 5f 2f 67 2c 20 22 20
22 29 7d 3c 2f 64 69 76  3e 0d 0a 20 20 20 20 20
20 20 20 20 20 20 20 20  20 20 20 20 20 20 20 20
20 20 20 3c 64 69 76 20  63 6c 61 73 73 4e 61 6d
65 3d 22 74 65 78 74 2d  78 73 20 74 65 78 74 2d
78 63 2d 6d 75 74 65 64  22 3e 7b 74 78 2e 63 72
65 61 74 65 64 41 74 20  3f 20 6e 65 77 20 44 61
74 65 28 74 78 2e 63 72  65 61 74 65 64 41 74 29
2e 74 6f 4c 6f 63 61 6c  65 44 61 74 65 53 74 72
69 6e 67 28 29 20 3a 20  22 52 65 63 65 6e 74 22
7d 3c 2f 64 69 76 3e 0d  0a 20 20 20 20 20 20 20
20 20 20 20 20 20 20 20  20 20 20 20 20 20 20 3c
2f 64 69 76 3e 0d 0a 20  20 20 20 20 20 20 20 20
20 20 20 20 20 20 20 20  20 20 20 3c 2f 64 69 76
3e 0d 0a 20 20 20 20 20  20 20 20 20 20 20 20 20
20 20 20 20 20 20 20 3c  64 69 76 20 63 6c 61 73
73 4e 61 6d 65 3d 7b 63  6e 28 22 74 65 78 74 2d
73 6d 20 66 6f 6e 74 2d  6d 6f 6e 6f 20 66 6f 6e
74 2d 62 6f 6c 64 22 2c  20 74 78 2e 74 79 70 65
20 3d 3d 3d 20 22 44 45  50 4f 53 49 54 22 20 7c
7c 20 74 78 2e 74 79 70  65 20 3d 3d 3d 20 22 46
55 4e 44 5f 52 45 44 45  4d 50 54 49 4f 4e 22 20
3f 20 22 74 65 78 74 2d  78 63 2d 67 72 65 65 6e
22 20 3a 20 22 74 65 78  74 2d 77 68 69 74 65 22
29 7d 3e 0d 0a 20 20 20  20 20 20 20 20 20 20 20
20 20 20 20 20 20 20 20  20 20 20 7b 74 78 2e 74
79 70 65 20 3d 3d 3d 20  22 44 45 50 4f 53 49 54
22 20 7c 7c 20 74 78 2e  74 79 70 65 20 3d 3d 3d
20 22 46 55 4e 44 5f 52  45 44 45 4d 50 54 49 4f
4e 22 20 3f 20 22 2b 22  20 3a 20 22 2d 22 7d 0d
0a 20 20 20 20 20 20 20  20 20 20 20 20 20 20 20
20 20 20 20 20 20 20 7b  66 6f 72 6d 61 74 43 75
72 72 65 6e 63 79 28 4e  75 6d 62 65 72 28 74 78
2e 61 6d 6f 75 6e 74 29  29 7d 0d 0a 20 20 20 20
20 20 20 20 20 20 20 20  20 20 20 20 20 20 20 20
3c 2f 64 69 76 3e 0d 0a  20 20 20 20 20 20 20 20
20 20 20 20 20 20 20 20  20 20 3c 2f 64 69 76 3e
0d 0a 20 20 20 20 20 20  20 20 20 20 20 20 20 20
20 20 29 29 7d 0d 0a 20  20 20 20 20 20 20 20 20
20 20 20 20 20 3c 2f 64  69 76 3e 0d 0a 20 20 20
20 20 20 20 20 20 20 20  20 3c 2f 64 69 76 3e 0d
0a 20 20 20 20 20 20 20  20 20 20 3c 2f 64 69 76
3e 0d 0a 0d 0a 20 20 20  20 20 20 20 20 20 20 7b
2f 2a 20 53 70 61 63 65  58 20 4d 69 73 73 69 6f
6e 20 43 6f 6e 74 72 6f  6c 20 26 20 4d 75 73 6b
20 45 6d 70 69 72 65 20  2a 2f 7d 0d 0a 20 20 20
20 20 20 20 20 20 20 3c  64 69 76 20 63 6c 61 73
73 4e 61 6d 65 3d 22 67  72 69 64 20 6c 67 3a 67
72 69 64 2d 63 6f 6c 73  2d 35 20 67 61 70 2d 34
22 3e 0d 0a 20 20 20 20  20 20 20 20 20 20 20 20
3c 64 69 76 20 63 6c 61  73 73 4e 61 6d 65 3d 22
6c 67 3a 63 6f 6c 2d 73  70 61 6e 2d 33 20 62 67
2d 78 63 2d 63 61 72 64  20 62 6f 72 64 65 72 20
62 6f 72 64 65 72 2d 77  68 69 74 65 2f 5b 30 2e
30 36 5d 2f 32 35 20 72  6f 75 6e 64 65 64 2d 32
78 6c 20 70 2d 34 20 73  6d 3a 70 2d 36 20 72 65
6c 61 74 69 76 65 20 6f  76 65 72 66 6c 6f 77 2d
68 69 64 64 65 6e 22 3e  0d 0a 20 20 20 20 20 20
20 20 20 20 20 20 20 20  3c 64 69 76 20 63 6c 61
73 73 4e 61 6d 65 3d 22  61 62 73 6f 6c 75 74 65
20 69 6e 73 65 74 2d 30  20 62 67 2d 67 72 61 64
69 65 6e 74 2d 74 6f 2d  62 72 20 66 72 6f 6d 2d
77 68 69 74 65 2f 5b 30  2e 30 32 5d 20 74 6f 2d
74 72 61 6e 73 70 61 72  65 6e 74 20 70 6f 69 6e
74 65 72 2d 65 76 65 6e  74 73 2d 6e 6f 6e 65 22
20 2f 3e 0d 0a 20 20 20  20 20 20 20 20 20 20 20
20 20 20 3c 64 69 76 20  63 6c 61 73 73 4e 61 6d
65 3d 22 72 65 6c 61 74  69 76 65 20 7a 2d 31 30
22 3e 0d 0a 20 20 20 20  20 20 20 20 20 20 20 20
20 20 20 20 3c 64 69 76  20 63 6c 61 73 73 4e 61
6d 65 3d 22 66 6c 65 78  20 69 74 65 6d 73 2d 63
65 6e 74 65 72 20 6a 75  73 74 69 66 79 2d 62 65
74 77 65 65 6e 20 6d 62  2d 35 22 3e 0d 0a 20 20
20 20 20 20 20 20 20 20  20 20 20 20 20 20 20 20
3c 64 69 76 20 63 6c 61  73 73 4e 61 6d 65 3d 22
66 6c 65 78 20 69 74 65  6d 73 2d 63 65 6e 74 65
72 20 67 61 70 2d 33 22  3e 0d 0a 20 20 20 20 20
20 20 20 20 20 20 20 20  20 20 20 20 20 20 20 3c
64 69 76 20 63 6c 61 73  73 4e 61 6d 65 3d 22 77
2d 38 20 68 2d 38 20 72  6f 75 6e 64 65 64 2d 6c
67 20 62 67 2d 77 68 69  74 65 2f 5b 30 2e 30 34
5d 20 66 6c 65 78 20 69  74 65 6d 73 2d 63 65 6e
74 65 72 20 6a 75 73 74  69 66 79 2d 63 65 6e 74
65 72 22 3e 3c 52 6f 63  6b 65 74 20 63 6c 61 73
73 4e 61 6d 65 3d 22 77  2d 34 20 68 2d 34 20 74
65 78 74 2d 77 68 69 74  65 2f 35 30 22 20 2f 3e
3c 2f 64 69 76 3e 0d 0a  20 20 20 20 20 20 20 20
20 20 20 20 20 20 20 20  20 20 20 20 3c 64 69 76
3e 0d 0a 20 20 20 20 20  20 20 20 20 20 20 20 20
20 20 20 20 20 20 20 20  20 3c 68 33 20 63 6c 61
73 73 4e 61 6d 65 3d 22  66 6f 6e 74 2d 62 6c 61
63 6b 20 74 65 78 74 2d  77 68 69 74 65 20 74 65
78 74 2d 62 61 73 65 22  3e 53 70 61 63 65 58 20
4d 69 73 73 69 6f 6e 20  43 6f 6e 74 72 6f 6c 3c
2f 68 33 3e 0d 0a 20 20  20 20 20 20 20 20 20 20
20 20 20 20 20 20 20 20  20 20 20 20 3c 70 20 63
6c 61 73 73 4e 61 6d 65  3d 22 74 65 78 74 2d 78
73 20 74 65 78 74 2d 78  63 2d 6d 75 74 65 64 22
3e 4c 69 76 65 20 6c 61  75 6e 63 68 20 73 63 68
65 64 75 6c 65 20 c2 b7  20 49 6e 76 65 73 74 6d
65 6e 74 20 63 61 74 61  6c 79 73 74 20 65 76 65
6e 74 73 3c 2f 70 3e 0d  0a 20 20 20 20 20 20 20
20 20 20 20 20 20 20 20  20 20 20 20 20 3c 2f 64
69 76 3e 0d 0a 20 20 20  20 20 20 20 20 20 20 20
20 20 20 20 20 20 20 3c  2f 64 69 76 3e 0d 0a 20
20 20 20 20 20 20 20 20  20 20 20 20 20 20 20 20
20 3c 64 69 76 20 63 6c  61 73 73 4e 61 6d 65 3d
22 66 6c 65 78 20 69 74  65 6d 73 2d 63 65 6e 74
65 72 20 67 61 70 2d 32  22 3e 0d 0a 20 20 20 20
20 20 20 20 20 20 20 20  20 20 20 20 20 20 20 20
3c 73 70 61 6e 20 63 6c  61 73 73 4e 61 6d 65 3d
22 77 2d 31 2e 35 20 68  2d 31 2e 35 20 72 6f 75
6e 64 65 64 2d 66 75 6c  6c 20 62 67 2d 77 68 69
74 65 2f 33 30 22 20 2f  3e 0d 0a 20 20 20 20 20
20 20 20 20 20 20 20 20  20 20 20 20 20 20 20 3c
73 70 61 6e 20 63 6c 61  73 73 4e 61 6d 65 3d 22
74 65 78 74 2d 78 73 20  66 6f 6e 74 2d 6d 6f 6e
6f 20 74 65 78 74 2d 77  68 69 74 65 2f 35 30 22
3e 54 52 41 43 4b 49 4e  47 3c 2f 73 70 61 6e 3e
0d 0a 20 20 20 20 20 20  20 20 20 20 20 20 20 20
20 20 20 20 3c 2f 64 69  76 3e 0d 0a 20 20 20 20
20 20 20 20 20 20 20 20  20 20 20 20 3c 2f 64 69
76 3e 0d 0a 20 20 20 20  20 20 20 20 20 20 20 20
20 20 20 20 3c 64 69 76  20 63 6c 61 73 73 4e 61
6d 65 3d 22 62 67 2d 67  72 61 64 69 65 6e 74 2d
74 6f 2d 72 20 66 72 6f  6d 2d 77 68 69 74 65 2f
5b 30 2e 30 34 5d 20 74  6f 2d 62 6c 61 63 6b 2f
33 30 20 62 6f 72 64 65  72 20 62 6f 72 64 65 72
2d 77 68 69 74 65 2f 5b  30 2e 30 38 5d 2f 32 30
20 72 6f 75 6e 64 65 64  2d 78 6c 20 70 2d 35 20
6d 62 2d 34 22 3e 0d 0a  20 20 20 20 20 20 20 20
20 20 20 20 20 20 20 20  20 20 3c 64 69 76 20 63
6c 61 73 73 4e 61 6d 65  3d 22 66 6c 65 78 20 66
6c 65 78 2d 63 6f 6c 20  73 6d 3a 66 6c 65 78 2d
72 6f 77 20 73 6d 3a 69  74 65 6d 73 2d 73 74 61
72 74 20 6a 75 73 74 69  66 79 2d 62 65 74 77 65
65 6e 20 67 61 70 2d 33  20 6d 62 2d 33 22 3e 0d
0a 20 20 20 20 20 20 20  20 20 20 20 20 20 20 20
20 20 20 20 20 3c 64 69  76 3e 0d 0a 20 20 20 20
20 20 20 20 20 20 20 20  20 20 20 20 20 20 20 20
20 20 3c 64 69 76 20 63  6c 61 73 73 4e 61 6d 65
3d 22 74 65 78 74 2d 78  73 20 74 65 78 74 2d 77
68 69 74 65 2f 35 30 20  66 6f 6e 74 2d 6d 6f 6e
6f 20 75 70 70 65 72 63  61 73 65 20 74 72 61 63
6b 69 6e 67 2d 77 69 64  65 72 20 6d 62 2d 31 22
3e 4e 65 78 74 20 4c 61  75 6e 63 68 3c 2f 64 69
76 3e 0d 0a 20 20 20 20  20 20 20 20 20 20 20 20
20 20 20 20 20 20 20 20  20 20 3c 64 69 76 20 63
6c 61 73 73 4e 61 6d 65  3d 22 74 65 78 74 2d 6c
67 20 66 6f 6e 74 2d 62  6c 61 63 6b 20 74 65 78
74 2d 77 68 69 74 65 22  3e 53 74 61 72 73 68 69
70 20 46 6c 69 67 68 74  20 31 32 3c 2f 64 69 76
3e 0d 0a 20 20 20 20 20  20 20 20 20 20 20 20 20
20 20 20 20 20 20 20 20  20 3c 64 69 76 20 63 6c
61 73 73 4e 61 6d 65 3d  22 74 65 78 74 2d 78 73
20 74 65 78 74 2d 78 63  2d 6d 75 74 65 64 20 6d
74 2d 30 2e 35 22 3e 53  74 61 72 62 61 73 65 2c
20 54 58 20 c2 b7 20 4f  72 62 69 74 61 6c 20 66
6c 69 67 68 74 20 74 65  73 74 3c 2f 64 69 76 3e
0d 0a 20 20 20 20 20 20  20 20 20 20 20 20 20 20
20 20 20 20 20 20 3c 2f  64 69 76 3e 0d 0a 20 20
20 20 20 20 20 20 20 20  20 20 20 20 20 20 20 20
20 20 3c 64 69 76 20 63  6c 61 73 73 4e 61 6d 65
3d 22 74 65 78 74 2d 72  69 67 68 74 22 3e 0d 0a
20 20 20 20 20 20 20 20  20 20 20 20 20 20 20 20
20 20 20 20 20 20 3c 64  69 76 20 63 6c 61 73 73
4e 61 6d 65 3d 22 74 65  78 74 2d 78 73 20 74 65
78 74 2d 78 63 2d 6d 75  74 65 64 20 75 70 70 65
72 63 61 73 65 20 6d 62  2d 31 22 3e 54 2d 4d 69
6e 75 73 3c 2f 64 69 76  3e 0d 0a 20 20 20 20 20
20 20 20 20 20 20 20 20  20 20 20 20 20 20 20 20
20 3c 64 69 76 20 63 6c  61 73 73 4e 61 6d 65 3d
22 66 6c 65 78 20 67 61  70 2d 32 22 3e 0d 0a 20
20 20 20 20 20 20 20 20  20 20 20 20 20 20 20 20
20 20 20 20 20 20 20 7b  5b 7b 20 76 61 6c 3a 20
22 30 32 22 2c 20 6c 61  62 65 6c 3a 20 22 44 22
20 7d 2c 20 7b 20 76 61  6c 3a 20 22 31 34 22 2c
20 6c 61 62 65 6c 3a 20  22 48 22 20 7d 2c 20 7b
20 76 61 6c 3a 20 22 33  37 22 2c 20 6c 61 62 65
6c 3a 20 22 4d 22 20 7d  5d 2e 6d 61 70 28 28 7b
20 76 61 6c 2c 20 6c 61  62 65 6c 20 7d 29 20 3d
3e 20 28 0d 0a 20 20 20  20 20 20 20 20 20 20 20
20 20 20 20 20 20 20 20  20 20 20 20 20 20 20 3c
64 69 76 20 6b 65 79 3d  7b 6c 61 62 65 6c 7d 20
63 6c 61 73 73 4e 61 6d  65 3d 22 62 67 2d 78 63
2d 62 6c 61 63 6b 2f 36  30 20 72 6f 75 6e 64 65
64 2d 6c 67 20 70 78 2d  32 2e 35 20 70 79 2d 31
2e 35 20 74 65 78 74 2d  63 65 6e 74 65 72 20 6d
69 6e 2d 77 2d 5b 34 30  70 78 5d 22 3e 0d 0a 20
20 20 20 20 20 20 20 20  20 20 20 20 20 20 20 20
20 20 20 20 20 20 20 20  20 20 20 3c 64 69 76 20
63 6c 61 73 73 4e 61 6d  65 3d 22 74 65 78 74 2d
6c 67 20 66 6f 6e 74 2d  62 6c 61 63 6b 20 66 6f
6e 74 2d 6d 6f 6e 6f 20  74 65 78 74 2d 77 68 69
74 65 2f 35 30 22 3e 7b  76 61 6c 7d 3c 2f 64 69
76 3e 0d 0a 20 20 20 20  20 20 20 20 20 20 20 20
20 20 20 20 20 20 20 20  20 20 20 20 20 20 20 20
3c 64 69 76 20 63 6c 61  73 73 4e 61 6d 65 3d 22
74 65 78 74 2d 78 73 20  74 65 78 74 2d 78 63 2d
6d 75 74 65 64 22 3e 7b  6c 61 62 65 6c 7d 3c 2f
64 69 76 3e 0d 0a 20 20  20 20 20 20 20 20 20 20
20 20 20 20 20 20 20 20  20 20 20 20 20 20 20 20
3c 2f 64 69 76 3e 0d 0a  20 20 20 20 20 20 20 20
20 20 20 20 20 20 20 20  20 20 20 20 20 20 20 20
29 29 7d 0d 0a 20 20 20  20 20 20 20 20 20 20 20
20 20 20 20 20 20 20 20  20 20 20 3c 2f 64 69 76
3e 0d 0a 20 20 20 20 20  20 20 20 20 20 20 20 20
20 20 20 20 20 20 20 3c  2f 64 69 76 3e 0d 0a 20
20 20 20 20 20 20 20 20  20 20 20 20 20 20 20 20
20 3c 2f 64 69 76 3e 0d  0a 20 20 20 20 20 20 20
20 20 20 20 20 20 20 20  20 20 20 3c 64 69 76 20
63 6c 61 73 73 4e 61 6d  65 3d 22 66 6c 65 78 20
66 6c 65 78 2d 77 72 61  70 20 69 74 65 6d 73 2d
63 65 6e 74 65 72 20 67  61 70 2d 32 20 73 6d 3a
67 61 70 2d 34 20 74 65  78 74 2d 78 73 22 3e 0d
0a 20 20 20 20 20 20 20  20 20 20 20 20 20 20 20
20 20 20 20 20 3c 73 70  61 6e 20 63 6c 61 73 73
4e 61 6d 65 3d 22 74 65  78 74 2d 78 63 2d 6d 75
74 65 64 22 3e 56 65 68  69 63 6c 65 3a 20 3c 73
70 61 6e 20 63 6c 61 73  73 4e 61 6d 65 3d 22 74
65 78 74 2d 77 68 69 74  65 20 66 6f 6e 74 2d 73
65 6d 69 62 6f 6c 64 22  3e 53 75 70 65 72 20 48
65 61 76 79 20 2b 20 53  74 61 72 73 68 69 70 3c
2f 73 70 61 6e 3e 3c 2f  73 70 61 6e 3e 0d 0a 20
20 20 20 20 20 20 20 20  20 20 20 20 20 20 20 20
20 20 20 3c 73 70 61 6e  20 63 6c 61 73 73 4e 61
6d 65 3d 22 74 65 78 74  2d 78 63 2d 6d 75 74 65
64 22 3e 50 61 79 6c 6f  61 64 3a 20 3c 73 70 61
6e 20 63 6c 61 73 73 4e  61 6d 65 3d 22 74 65 78
74 2d 77 68 69 74 65 20  66 6f 6e 74 2d 73 65 6d
69 62 6f 6c 64 22 3e 53  74 61 72 6c 69 6e 6b 20
56 33 20 78 20 34 30 3c  2f 73 70 61 6e 3e 3c 2f
73 70 61 6e 3e 0d 0a 20  20 20 20 20 20 20 20 20
20 20 20 20 20 20 20 20  20 20 20 3c 73 70 61 6e
20 63 6c 61 73 73 4e 61  6d 65 3d 22 74 65 78 74
2d 78 63 2d 6d 75 74 65  64 22 3e 4f 72 62 69 74
3a 20 3c 73 70 61 6e 20  63 6c 61 73 73 4e 61 6d
65 3d 22 74 65 78 74 2d  77 68 69 74 65 20 66 6f
6e 74 2d 73 65 6d 69 62  6f 6c 64 22 3e 4c 45 4f
20 35 35 30 6b 6d 3c 2f  73 70 61 6e 3e 3c 2f 73
70 61 6e 3e 0d 0a 20 20  20 20 20 20 20 20 20 20
20 20 20 20 20 20 20 20  3c 2f 64 69 76 3e 0d 0a
20 20 20 20 20 20 20 20  20 20 20 20 20 20 20 20
3c 2f 64 69 76 3e 0d 0a  20 20 20 20 20 20 20 20
20 20 20 20 20 20 20 20  3c 64 69 76 20 63 6c 61
73 73 4e 61 6d 65 3d 22  73 70 61 63 65 2d 79 2d
32 22 3e 0d 0a 20 20 20  20 20 20 20 20 20 20 20
20 20 20 20 20 20 20 3c  64 69 76 20 63 6c 61 73
73 4e 61 6d 65 3d 22 74  65 78 74 2d 78 73 20 74
65 78 74 2d 78 63 2d 6d  75 74 65 64 20 66 6f 6e
74 2d 62 6f 6c 64 20 75  70 70 65 72 63 61 73 65
20 74 72 61 63 6b 69 6e  67 2d 77 69 64 65 72 20
6d 62 2d 32 22 3e 52 65  63 65 6e 74 20 4d 69 73
73 69 6f 6e 73 3c 2f 64  69 76 3e 0d 0a 20 20 20
20 20 20 20 20 20 20 20  20 20 20 20 20 20 20 7b
53 50 41 43 45 58 5f 4d  49 53 53 49 4f 4e 53 2e
6d 61 70 28 28 6d 29 20  3d 3e 20 28 0d 0a 20 20
20 20 20 20 20 20 20 20  20 20 20 20 20 20 20 20
20 20 3c 64 69 76 20 6b  65 79 3d 7b 6d 2e 6e 61
6d 65 7d 20 63 6c 61 73  73 4e 61 6d 65 3d 22 66
6c 65 78 20 69 74 65 6d  73 2d 63 65 6e 74 65 72
20 6a 75 73 74 69 66 79  2d 62 65 74 77 65 65 6e
20 70 79 2d 32 20 62 6f  72 64 65 72 2d 62 20 62
6f 72 64 65 72 2d 77 68  69 74 65 2f 5b 30 2e 30
38 5d 20 6c 61 73 74 3a  62 6f 72 64 65 72 2d 30
22 3e 0d 0a 20 20 20 20  20 20 20 20 20 20 20 20
20 20 20 20 20 20 20 20  20 20 3c 64 69 76 20 63
6c 61 73 73 4e 61 6d 65  3d 22 66 6c 65 78 20 69
74 65 6d 73 2d 63 65 6e  74 65 72 20 67 61 70 2d
34 22 3e 0d 0a 20 20 20  20 20 20 20 20 20 20 20
20 20 20 20 20 20 20 20  20 20 20 20 20 3c 64 69
76 20 63 6c 61 73 73 4e  61 6d 65 3d 7b 63 6e 28
22 77 2d 32 20 68 2d 32  20 72 6f 75 6e 64 65 64
2d 66 75 6c 6c 22 2c 20  6d 2e 73 75 63 63 65 73
73 20 3f 20 22 62 67 2d  65 6d 65 72 61 6c 64 2d
34 30 30 22 20 3a 20 22  62 67 2d 61 6d 62 65 72
2d 34 30 30 22 29 7d 20  2f 3e 0d 0a 20 20 20 20
20 20 20 20 20 20 20 20  20 20 20 20 20 20 20 20
20 20 20 20 3c 64 69 76  3e 0d 0a 20 20 20 20 20
20 20 20 20 20 20 20 20  20 20 20 20 20 20 20 20
20 20 20 20 20 3c 64 69  76 20 63 6c 61 73 73 4e
61 6d 65 3d 22 74 65 78  74 2d 78 73 20 66 6f 6e
74 2d 73 65 6d 69 62 6f  6c 64 20 74 65 78 74 2d
77 68 69 74 65 22 3e 7b  6d 2e 6e 61 6d 65 7d 3c
2f 64 69 76 3e 0d 0a 20  20 20 20 20 20 20 20 20
20 20 20 20 20 20 20 20  20 20 20 20 20 20 20 20
20 3c 64 69 76 20 63 6c  61 73 73 4e 61 6d 65 3d
22 74 65 78 74 2d 78 73  20 74 65 78 74 2d 78 63
2d 6d 75 74 65 64 22 3e  7b 6d 2e 76 65 68 69 63
6c 65 7d 20 c2 b7 20 7b  6d 2e 64 61 74 65 7d 3c
2f 64 69 76 3e 0d 0a 20  20 20 20 20 20 20 20 20
20 20 20 20 20 20 20 20  20 20 20 20 20 20 20 3c
2f 64 69 76 3e 0d 0a 20  20 20 20 20 20 20 20 20
20 20 20 20 20 20 20 20  20 20 20 20 20 3c 2f 64
69 76 3e 0d 0a 20 20 20  20 20 20 20 20 20 20 20
20 20 20 20 20 20 20 20  20 20 20 3c 64 69 76 20
63 6c 61 73 73 4e 61 6d  65 3d 22 66 6c 65 78 20
69 74 65 6d 73 2d 63 65  6e 74 65 72 20 67 61 70
2d 32 22 3e 0d 0a 20 20  20 20 20 20 20 20 20 20
20 20 20 20 20 20 20 20  20 20 20 20 20 20 3c 73
70 61 6e 20 63 6c 61 73  73 4e 61 6d 65 3d 22 74
65 78 74 2d 78 73 20 74  65 78 74 2d 78 63 2d 6d
75 74 65 64 22 3e 7b 6d  2e 70 61 79 6c 6f 61 64
7d 3c 2f 73 70 61 6e 3e  0d 0a 20 20 20 20 20 20
20 20 20 20 20 20 20 20  20 20 20 20 20 20 20 20
20 20 3c 42 61 64 67 65  20 76 61 72 69 61 6e 74
3d 7b 6d 2e 73 75 63 63  65 73 73 20 3f 20 22 73
75 63 63 65 73 73 22 20  3a 20 22 77 61 72 6e 69
6e 67 22 7d 20 73 69 7a  65 3d 22 73 6d 22 3e 7b
6d 2e 73 75 63 63 65 73  73 20 3f 20 22 53 55 43
43 45 53 53 22 20 3a 20  22 50 41 52 54 49 41 4c
22 7d 3c 2f 42 61 64 67  65 3e 0d 0a 20 20 20 20
20 20 20 20 20 20 20 20  20 20 20 20 20 20 20 20
20 20 3c 2f 64 69 76 3e  0d 0a 20 20 20 20 20 20
20 20 20 20 20 20 20 20  20 20 20 20 20 20 3c 2f
64 69 76 3e 0d 0a 20 20  20 20 20 20 20 20 20 20
20 20 20 20 20 20 20 20  29 29 7d 0d 0a 20 20 20
20 20 20 20 20 20 20 20  20 20 20 20 20 3c 2f 64
69 76 3e 0d 0a 20 20 20  20 20 20 20 20 20 20 20
20 20 20 20 20 3c 64 69  76 20 63 6c 61 73 73 4e
61 6d 65 3d 22 67 72 69  64 20 67 72 69 64 2d 63
6f 6c 73 2d 32 20 73 6d  3a 67 72 69 64 2d 63 6f
6c 73 2d 34 20 67 61 70  2d 33 20 73 6d 3a 67 61
70 2d 34 20 6d 74 2d 34  20 70 74 2d 34 20 62 6f
72 64 65 72 2d 74 20 62  6f 72 64 65 72 2d 77 68
69 74 65 2f 5b 30 2e 30  38 5d 22 3e 0d 0a 20 20
20 20 20 20 20 20 20 20  20 20 20 20 20 20 20 20
7b 5b 7b 20 6c 61 62 65  6c 3a 20 22 4c 61 75 6e
63 68 65 73 20 32 30 32  36 22 2c 20 76 61 6c 75
65 3a 20 22 32 38 22 20  7d 2c 20 7b 20 6c 61 62
65 6c 3a 20 22 53 75 63  63 65 73 73 20 52 61 74
65 22 2c 20 76 61 6c 75  65 3a 20 22 39 37 2e 33
25 22 20 7d 2c 20 7b 20  6c 61 62 65 6c 3a 20 22
53 74 61 72 6c 69 6e 6b  20 53 61 74 73 22 2c 20
76 61 6c 75 65 3a 20 22  37 2c 32 30 30 2b 22 20
7d 2c 20 7b 20 6c 61 62  65 6c 3a 20 22 4c 61 6e
64 69 6e 67 20 52 65 75  73 65 22 2c 20 76 61 6c
75 65 3a 20 22 39 34 25  22 20 7d 5d 2e 6d 61 70
28 28 7b 20 6c 61 62 65  6c 2c 20 76 61 6c 75 65
20 7d 29 20 3d 3e 20 28  0d 0a 20 20 20 20 20 20
20 20 20 20 20 20 20 20  20 20 20 20 20 20 3c 64
69 76 20 6b 65 79 3d 7b  6c 61 62 65 6c 7d 20 63
6c 61 73 73 4e 61 6d 65  3d 22 74 65 78 74 2d 63
65 6e 74 65 72 22 3e 0d  0a 20 20 20 20 20 20 20
20 20 20 20 20 20 20 20  20 20 20 20 20 20 20 3c
64 69 76 20 63 6c 61 73  73 4e 61 6d 65 3d 22 74
65 78 74 2d 73 6d 20 66  6f 6e 74 2d 62 6c 61 63
6b 20 74 65 78 74 2d 77  68 69 74 65 22 3e 7b 76
61 6c 75 65 7d 3c 2f 64  69 76 3e 0d 0a 20 20 20
20 20 20 20 20 20 20 20  20 20 20 20 20 20 20 20
20 20 20 3c 64 69 76 20  63 6c 61 73 73 4e 61 6d
65 3d 22 74 65 78 74 2d  78 73 20 74 65 78 74 2d
78 63 2d 6d 75 74 65 64  22 3e 7b 6c 61 62 65 6c
7d 3c 2f 64 69 76 3e 0d  0a 20 20 20 20 20 20 20
20 20 20 20 20 20 20 20  20 20 20 20 20 3c 2f 64
69 76 3e 0d 0a 20 20 20  20 20 20 20 20 20 20 20
20 20 20 20 20 20 20 29  29 7d 0d 0a 20 20 20 20
20 20 20 20 20 20 20 20  20 20 20 20 3c 2f 64 69
76 3e 0d 0a 20 20 20 20  20 20 20 20 20 20 20 20
20 20 3c 2f 64 69 76 3e  0d 0a 20 20 20 20 20 20
20 20 20 20 20 20 3c 2f  64 69 76 3e 0d 0a 0d 0a
20 20 20 20 20 20 20 20  20 20 20 20 3c 64 69 76
20 63 6c 61 73 73 4e 61  6d 65 3d 22 6c 67 3a 63
6f 6c 2d 73 70 61 6e 2d  32 20 62 67 2d 78 63 2d
63 61 72 64 20 62 6f 72  64 65 72 20 62 6f 72 64
65 72 2d 77 68 69 74 65  2f 5b 30 2e 30 38 5d 2f
32 35 20 72 6f 75 6e 64  65 64 2d 32 78 6c 20 70
2d 34 20 73 6d 3a 70 2d  36 20 72 65 6c 61 74 69
76 65 20 6f 76 65 72 66  6c 6f 77 2d 68 69 64 64
65 6e 22 3e 0d 0a 20 20  20 20 20 20 20 20 20 20
20 20 20 20 3c 64 69 76  20 63 6c 61 73 73 4e 61
6d 65 3d 22 61 62 73 6f  6c 75 74 65 20 69 6e 73
65 74 2d 30 20 62 67 2d  67 72 61 64 69 65 6e 74
2d 74 6f 2d 62 72 20 66  72 6f 6d 2d 62 6c 61 63
6b 2f 31 35 20 74 6f 2d  74 72 61 6e 73 70 61 72
65 6e 74 20 70 6f 69 6e  74 65 72 2d 65 76 65 6e
74 73 2d 6e 6f 6e 65 22  20 2f 3e 0d 0a 20 20 20
20 20 20 20 20 20 20 20  20 20 20 3c 64 69 76 20
63 6c 61 73 73 4e 61 6d  65 3d 22 72 65 6c 61 74
69 76 65 20 7a 2d 31 30  22 3e 0d 0a 20 20 20 20
20 20 20 20 20 20 20 20  20 20 20 20 3c 64 69 76
20 63 6c 61 73 73 4e 61  6d 65 3d 22 66 6c 65 78
20 69 74 65 6d 73 2d 63  65 6e 74 65 72 20 6a 75
73 74 69 66 79 2d 62 65  74 77 65 65 6e 20 6d 62
2d 35 22 3e 0d 0a 20 20  20 20 20 20 20 20 20 20
20 20 20 20 20 20 20 20  3c 64 69 76 20 63 6c 61
73 73 4e 61 6d 65 3d 22  66 6c 65 78 20 69 74 65
6d 73 2d 63 65 6e 74 65  72 20 67 61 70 2d 33 22
3e 0d 0a 20 20 20 20 20  20 20 20 20 20 20 20 20
20 20 20 20 20 20 20 3c  64 69 76 20 63 6c 61 73
73 4e 61 6d 65 3d 22 77  2d 38 20 68 2d 38 20 72
6f 75 6e 64 65 64 2d 6c  67 20 62 67 2d 77 68 69
74 65 2f 5b 30 2e 30 34  5d 20 66 6c 65 78 20 69
74 65 6d 73 2d 63 65 6e  74 65 72 20 6a 75 73 74
69 66 79 2d 63 65 6e 74  65 72 22 3e 3c 42 75 69
6c 64 69 6e 67 32 20 63  6c 61 73 73 4e 61 6d 65
3d 22 77 2d 34 20 68 2d  34 20 74 65 78 74 2d 77
68 69 74 65 2f 36 30 22  20 2f 3e 3c 2f 64 69 76
3e 0d 0a 20 20 20 20 20  20 20 20 20 20 20 20 20
20 20 20 20 20 20 20 3c  64 69 76 3e 0d 0a 20 20
20 20 20 20 20 20 20 20  20 20 20 20 20 20 20 20
20 20 20 20 3c 68 33 20  63 6c 61 73 73 4e 61 6d
65 3d 22 66 6f 6e 74 2d  62 6c 61 63 6b 20 74 65
78 74 2d 77 68 69 74 65  20 74 65 78 74 2d 62 61
73 65 22 3e 4d 75 73 6b  20 45 6d 70 69 72 65 20
49 6e 64 65 78 3c 2f 68  33 3e 0d 0a 20 20 20 20
20 20 20 20 20 20 20 20  20 20 20 20 20 20 20 20
20 20 3c 70 20 63 6c 61  73 73 4e 61 6d 65 3d 22
74 65 78 74 2d 78 73 20  74 65 78 74 2d 78 63 2d
6d 75 74 65 64 22 3e 43  6f 6d 62 69 6e 65 64 20
76 65 6e 74 75 72 65 20  65 78 70 6f 73 75 72 65
3c 2f 70 3e 0d 0a 20 20  20 20 20 20 20 20 20 20
20 20 20 20 20 20 20 20  20 20 3c 2f 64 69 76 3e
0d 0a 20 20 20 20 20 20  20 20 20 20 20 20 20 20
20 20 20 20 3c 2f 64 69  76 3e 0d 0a 20 20 20 20
20 20 20 20 20 20 20 20  20 20 20 20 20 20 3c 42
61 64 67 65 20 76 61 72  69 61 6e 74 3d 22 67 6f
6c 64 22 20 73 69 7a 65  3d 22 73 6d 22 3e 43 4f
4d 50 4f 53 49 54 45 3c  2f 42 61 64 67 65 3e 0d
0a 20 20 20 20 20 20 20  20 20 20 20 20 20 20 20
20 3c 2f 64 69 76 3e 0d  0a 20 20 20 20 20 20 20
20 20 20 20 20 20 20 20  20 3c 64 69 76 20 63 6c
61 73 73 4e 61 6d 65 3d  22 62 67 2d 77 68 69 74
65 2f 5b 30 2e 30 32 5d  20 62 6f 72 64 65 72 20
62 6f 72 64 65 72 2d 77  68 69 74 65 2f 5b 30 2e
31 30 5d 2f 32 30 20 72  6f 75 6e 64 65 64 2d 78
6c 20 70 2d 35 20 6d 62  2d 34 22 3e 0d 0a 20 20
20 20 20 20 20 20 20 20  20 20 20 20 20 20 20 20
3c 64 69 76 20 63 6c 61  73 73 4e 61 6d 65 3d 22
74 65 78 74 2d 78 73 20  74 65 78 74 2d 77 68 69
74 65 2f 36 30 20 66 6f  6e 74 2d 6d 6f 6e 6f 20
75 70 70 65 72 63 61 73  65 20 74 72 61 63 6b 69
6e 67 2d 77 69 64 65 72  20 6d 62 2d 31 22 3e 58
2d 4d 45 49 20 43 6f 6d  70 6f 73 69 74 65 3c 2f
64 69 76 3e 0d 0a 20 20  20 20 20 20 20 20 20 20
20 20 20 20 20 20 20 20  3c 64 69 76 20 63 6c 61
73 73 4e 61 6d 65 3d 22  66 6c 65 78 20 69 74 65
6d 73 2d 62 61 73 65 6c  69 6e 65 20 67 61 70 2d
32 22 3e 0d 0a 20 20 20  20 20 20 20 20 20 20 20
20 20 20 20 20 20 20 20  20 3c 73 70 61 6e 20 63
6c 61 73 73 4e 61 6d 65  3d 22 74 65 78 74 2d 33
78 6c 20 66 6f 6e 74 2d  62 6c 61 63 6b 20 74 65
78 74 2d 77 68 69 74 65  22 3e 24 34 2c 38 34 37
3c 2f 73 70 61 6e 3e 0d  0a 20 20 20 20 20 20 20
20 20 20 20 20 20 20 20  20 20 20 20 20 3c 73 70
61 6e 20 63 6c 61 73 73  4e 61 6d 65 3d 22 74 65
78 74 2d 73 6d 20 66 6f  6e 74 2d 62 6f 6c 64 20
74 65 78 74 2d 65 6d 65  72 61 6c 64 2d 34 30 30
22 3e 2b 32 34 2e 36 25  3c 2f 73 70 61 6e 3e 0d
0a 20 20 20 20 20 20 20  20 20 20 20 20 20 20 20
20 20 20 3c 2f 64 69 76  3e 0d 0a 20 20 20 20 20
20 20 20 20 20 20 20 20  20 20 20 20 20 3c 64 69
76 20 63 6c 61 73 73 4e  61 6d 65 3d 22 74 65 78
74 2d 78 73 20 74 65 78  74 2d 78 63 2d 6d 75 74
65 64 20 6d 74 2d 31 22  3e 59 54 44 20 70 65 72
66 6f 72 6d 61 6e 63 65  20 61 63 72 6f 73 73 20
61 6c 6c 20 4d 75 73 6b  20 76 65 6e 74 75 72 65
73 3c 2f 64 69 76 3e 0d  0a 20 20 20 20 20 20 20
20 20 20 20 20 20 20 20  20 3c 2f 64 69 76 3e 0d
0a 20 20 20 20 20 20 20  20 20 20 20 20 20 20 20
20 3c 64 69 76 20 63 6c  61 73 73 4e 61 6d 65 3d
22 73 70 61 63 65 2d 79  2d 33 22 3e 0d 0a 20 20
20 20 20 20 20 20 20 20  20 20 20 20 20 20 20 20
7b 4d 55 53 4b 5f 56 45  4e 54 55 52 45 53 2e 6d
61 70 28 28 76 29 20 3d  3e 20 28 0d 0a 20 20 20
20 20 20 20 20 20 20 20  20 20 20 20 20 20 20 20
20 3c 64 69 76 20 6b 65  79 3d 7b 76 2e 6e 61 6d
65 7d 20 63 6c 61 73 73  4e 61 6d 65 3d 22 66 6c
65 78 20 69 74 65 6d 73  2d 63 65 6e 74 65 72 20
6a 75 73 74 69 66 79 2d  62 65 74 77 65 65 6e 20
70 79 2d 32 20 70 78 2d  33 20 72 6f 75 6e 64 65
64 2d 78 6c 20 62 67 2d  77 68 69 74 65 2f 5b 30
2e 30 32 5d 20 68 6f 76  65 72 3a 62 67 2d 77 68
69 74 65 2f 5b 30 2e 30  34 5d 20 74 72 61 6e 73
69 74 69 6f 6e 2d 63 6f  6c 6f 72 73 22 3e 0d 0a
20 20 20 20 20 20 20 20  20 20 20 20 20 20 20 20
20 20 20 20 20 20 3c 64  69 76 20 63 6c 61 73 73
4e 61 6d 65 3d 22 66 6c  65 78 20 69 74 65 6d 73
2d 63 65 6e 74 65 72 20  67 61 70 2d 34 22 3e 0d
0a 20 20 20 20 20 20 20  20 20 20 20 20 20 20 20
20 20 20 20 20 20 20 20  20 3c 64 69 76 20 63 6c
61 73 73 4e 61 6d 65 3d  7b 63 6e 28 22 77 2d 38
20 68 2d 38 20 72 6f 75  6e 64 65 64 2d 6c 67 20
66 6c 65 78 20 69 74 65  6d 73 2d 63 65 6e 74 65
72 20 6a 75 73 74 69 66  79 2d 63 65 6e 74 65 72
22 2c 20 76 2e 62 67 43  6f 6c 6f 72 29 7d 3e 3c
76 2e 69 63 6f 6e 20 63  6c 61 73 73 4e 61 6d 65
3d 7b 63 6e 28 22 77 2d  34 20 68 2d 34 22 2c 20
76 2e 69 63 6f 6e 43 6f  6c 6f 72 29 7d 20 2f 3e
3c 2f 64 69 76 3e 0d 0a  20 20 20 20 20 20 20 20
20 20 20 20 20 20 20 20  20 20 20 20 20 20 20 20
3c 64 69 76 3e 0d 0a 20  20 20 20 20 20 20 20 20
20 20 20 20 20 20 20 20  20 20 20 20 20 20 20 20
20 3c 64 69 76 20 63 6c  61 73 73 4e 61 6d 65 3d
22 74 65 78 74 2d 78 73  20 66 6f 6e 74 2d 62 6f
6c 64 20 74 65 78 74 2d  77 68 69 74 65 22 3e 7b
76 2e 6e 61 6d 65 7d 3c  2f 64 69 76 3e 0d 0a 20
20 20 20 20 20 20 20 20  20 20 20 20 20 20 20 20
20 20 20 20 20 20 20 20  20 3c 64 69 76 20 63 6c
61 73 73 4e 61 6d 65 3d  22 74 65 78 74 2d 78 73
20 74 65 78 74 2d 78 63  2d 6d 75 74 65 64 22 3e
7b 76 2e 72 6f 6c 65 7d  3c 2f 64 69 76 3e 0d 0a
20 20 20 20 20 20 20 20  20 20 20 20 20 20 20 20
20 20 20 20 20 20 20 20  3c 2f 64 69 76 3e 0d 0a
20 20 20 20 20 20 20 20  20 20 20 20 20 20 20 20
20 20 20 20 20 20 3c 2f  64 69 76 3e 0d 0a 20 20
20 20 20 20 20 20 20 20  20 20 20 20 20 20 20 20
20 20 20 20 3c 64 69 76  20 63 6c 61 73 73 4e 61
6d 65 3d 22 74 65 78 74  2d 72 69 67 68 74 22 3e
0d 0a 20 20 20 20 20 20  20 20 20 20 20 20 20 20
20 20 20 20 20 20 20 20  20 20 3c 64 69 76 20 63
6c 61 73 73 4e 61 6d 65  3d 22 74 65 78 74 2d 78
73 20 66 6f 6e 74 2d 6d  6f 6e 6f 20 66 6f 6e 74
2d 62 6f 6c 64 20 74 65  78 74 2d 77 68 69 74 65
22 3e 7b 76 2e 76 61 6c  75 61 74 69 6f 6e 7d 3c
2f 64 69 76 3e 0d 0a 20  20 20 20 20 20 20 20 20
20 20 20 20 20 20 20 20  20 20 20 20 20 20 20 3c
64 69 76 20 63 6c 61 73  73 4e 61 6d 65 3d 7b 63
6e 28 22 74 65 78 74 2d  78 73 20 66 6f 6e 74 2d
62 6f 6c 64 22 2c 20 76  2e 63 68 61 6e 67 65 20
3e 3d 20 30 20 3f 20 22  74 65 78 74 2d 65 6d 65
72 61 6c 64 2d 34 30 30  22 20 3a 20 22 74 65 78
74 2d 72 65 64 2d 34 30  30 22 29 7d 3e 7b 76 2e
63 68 61 6e 67 65 20 3e  3d 20 30 20 3f 20 22 2b
22 20 3a 20 22 22 7d 7b  76 2e 63 68 61 6e 67 65
7d 25 3c 2f 64 69 76 3e  0d 0a 20 20 20 20 20 20
20 20 20 20 20 20 20 20  20 20 20 20 20 20 20 20
3c 2f 64 69 76 3e 0d 0a  20 20 20 20 20 20 20 20
20 20 20 20 20 20 20 20  20 20 20 20 3c 2f 64 69
76 3e 0d 0a 20 20 20 20  20 20 20 20 20 20 20 20
20 20 20 20 20 20 29 29  7d 0d 0a 20 20 20 20 20
20 20 20 20 20 20 20 20  20 20 20 3c 2f 64 69 76
3e 0d 0a 20 20 20 20 20  20 20 20 20 20 20 20 20
20 20 20 3c 4c 69 6e 6b  20 68 72 65 66 3d 22 2f
66 75 6e 64 73 22 20 63  6c 61 73 73 4e 61 6d 65
3d 22 6d 74 2d 34 20 77  2d 66 75 6c 6c 20 66 6c
65 78 20 69 74 65 6d 73  2d 63 65 6e 74 65 72 20
6a 75 73 74 69 66 79 2d  63 65 6e 74 65 72 20 67
61 70 2d 32 20 62 67 2d  77 68 69 74 65 2f 5b 30
2e 30 34 5d 20 68 6f 76  65 72 3a 62 67 2d 77 68
69 74 65 2f 5b 30 2e 30  34 5d 2f 36 30 20 62 6f
72 64 65 72 20 62 6f 72  64 65 72 2d 77 68 69 74
65 2f 5b 30 2e 30 38 5d  20 74 65 78 74 2d 77 68
69 74 65 20 74 65 78 74  2d 78 73 20 66 6f 6e 74
2d 62 6f 6c 64 20 70 79  2d 32 2e 35 20 72 6f 75
6e 64 65 64 2d 78 6c 20  74 72 61 6e 73 69 74 69
6f 6e 2d 63 6f 6c 6f 72  73 22 3e 0d 0a 20 20 20
20 20 20 20 20 20 20 20  20 20 20 20 20 20 20 3c
47 6c 6f 62 65 20 63 6c  61 73 73 4e 61 6d 65 3d
22 77 2d 33 2e 35 20 68  2d 33 2e 35 22 20 2f 3e
20 56 69 65 77 20 41 6c  6c 20 46 75 6e 64 73 20
26 20 53 50 56 73 0d 0a  20 20 20 20 20 20 20 20
20 20 20 20 20 20 20 20  3c 2f 4c 69 6e 6b 3e 0d
0a 20 20 20 20 20 20 20  20 20 20 20 20 20 20 3c
2f 64 69 76 3e 0d 0a 20  20 20 20 20 20 20 20 20
20 20 20 3c 2f 64 69 76  3e 0d 0a 20 20 20 20 20
20 20 20 20 20 3c 2f 64  69 76 3e 0d 0a 0d 0a 20
20 20 20 20 20 20 20 20  20 7b 2f 2a 20 53 74 61
72 6c 69 6e 6b 20 26 20  4c 69 76 65 20 4e 65 77
73 20 2a 2f 7d 0d 0a 20  20 20 20 20 20 20 20 20
20 3c 64 69 76 20 63 6c  61 73 73 4e 61 6d 65 3d
22 67 72 69 64 20 6c 67  3a 67 72 69 64 2d 63 6f
6c 73 2d 33 20 67 61 70  2d 34 22 3e 0d 0a 20 20
20 20 20 20 20 20 20 20  20 20 3c 64 69 76 20 63
6c 61 73 73 4e 61 6d 65  3d 22 62 67 2d 78 63 2d
63 61 72 64 20 62 6f 72  64 65 72 20 62 6f 72 64
65 72 2d 78 63 2d 62 6f  72 64 65 72 20 72 6f 75
6e 64 65 64 2d 32 78 6c  20 70 2d 34 20 73 6d 3a
70 2d 36 22 3e 0d 0a 20  20 20 20 20 20 20 20 20
20 20 20 20 20 3c 64 69  76 20 63 6c 61 73 73 4e
61 6d 65 3d 22 66 6c 65  78 20 69 74 65 6d 73 2d
63 65 6e 74 65 72 20 67  61 70 2d 33 20 6d 62 2d
35 22 3e 0d 0a 20 20 20  20 20 20 20 20 20 20 20
20 20 20 20 20 3c 64 69  76 20 63 6c 61 73 73 4e
61 6d 65 3d 22 77 2d 38  20 68 2d 38 20 72 6f 75
6e 64 65 64 2d 6c 67 20  62 67 2d 62 6c 75 65 2d
39 30 30 2f 35 30 20 66  6c 65 78 20 69 74 65 6d
73 2d 63 65 6e 74 65 72  20 6a 75 73 74 69 66 79
2d 63 65 6e 74 65 72 22  3e 3c 53 61 74 65 6c 6c
69 74 65 20 63 6c 61 73  73 4e 61 6d 65 3d 22 77
2d 34 20 68 2d 34 20 74  65 78 74 2d 62 6c 75 65
2d 34 30 30 22 20 2f 3e  3c 2f 64 69 76 3e 0d 0a
20 20 20 20 20 20 20 20  20 20 20 20 20 20 20 20
3c 64 69 76 3e 0d 0a 20  20 20 20 20 20 20 20 20
20 20 20 20 20 20 20 20  20 3c 68 33 20 63 6c 61
73 73 4e 61 6d 65 3d 22  66 6f 6e 74 2d 62 6c 61
63 6b 20 74 65 78 74 2d  77 68 69 74 65 20 74 65
78 74 2d 62 61 73 65 22  3e 53 74 61 72 6c 69 6e
6b 20 4e 65 74 77 6f 72  6b 3c 2f 68 33 3e 0d 0a
20 20 20 20 20 20 20 20  20 20 20 20 20 20 20 20
20 20 3c 70 20 63 6c 61  73 73 4e 61 6d 65 3d 22
74 65 78 74 2d 78 73 20  74 65 78 74 2d 78 63 2d
6d 75 74 65 64 22 3e 47  6c 6f 62 61 6c 20 73 61
74 65 6c 6c 69 74 65 20  69 6e 74 65 72 6e 65 74
3c 2f 70 3e 0d 0a 20 20  20 20 20 20 20 20 20 20
20 20 20 20 20 20 3c 2f  64 69 76 3e 0d 0a 20 20
20 20 20 20 20 20 20 20  20 20 20 20 3c 2f 64 69
76 3e 0d 0a 20 20 20 20  20 20 20 20 20 20 20 20
20 20 3c 64 69 76 20 63  6c 61 73 73 4e 61 6d 65
3d 22 73 70 61 63 65 2d  79 2d 34 22 3e 0d 0a 20
20 20 20 20 20 20 20 20  20 20 20 20 20 20 20 7b
5b 7b 20 6c 61 62 65 6c  3a 20 22 41 63 74 69 76
65 20 53 61 74 65 6c 6c  69 74 65 73 22 2c 20 76
61 6c 75 65 3a 20 22 37  2c 32 30 30 2b 22 2c 20
73 75 62 3a 20 22 4c 45  4f 20 43 6f 6e 73 74 65
6c 6c 61 74 69 6f 6e 22  20 7d 2c 20 7b 20 6c 61
62 65 6c 3a 20 22 47 6c  6f 62 61 6c 20 53 75 62
73 63 72 69 62 65 72 73  22 2c 20 76 61 6c 75 65
3a 20 22 35 2e 32 4d 22  2c 20 73 75 62 3a 20 22
2b 34 32 25 20 59 6f 59  20 47 72 6f 77 74 68 22
20 7d 2c 20 7b 20 6c 61  62 65 6c 3a 20 22 52 65
76 65 6e 75 65 20 52 75  6e 20 52 61 74 65 22 2c
20 76 61 6c 75 65 3a 20  22 24 38 2e 34 42 22 2c
20 73 75 62 3a 20 22 41  6e 6e 75 61 6c 69 7a 65
64 20 32 30 32 36 22 20  7d 2c 20 7b 20 6c 61 62
65 6c 3a 20 22 43 6f 75  6e 74 72 69 65 73 20 53
65 72 76 65 64 22 2c 20  76 61 6c 75 65 3a 20 22
31 30 35 22 2c 20 73 75  62 3a 20 22 41 6c 6c 20
43 6f 6e 74 69 6e 65 6e  74 73 22 20 7d 2c 20 7b
20 6c 61 62 65 6c 3a 20  22 41 76 67 20 44 6f 77
6e 6c 6f 61 64 20 53 70  65 65 64 22 2c 20 76 61
6c 75 65 3a 20 22 32 32  30 20 4d 62 70 73 22 2c
20 73 75 62 3a 20 22 56  33 20 48 61 72 64 77 61
72 65 22 20 7d 5d 2e 6d  61 70 28 28 7b 20 6c 61
62 65 6c 2c 20 76 61 6c  75 65 2c 20 73 75 62 20
7d 29 20 3d 3e 20 28 0d  0a 20 20 20 20 20 20 20
20 20 20 20 20 20 20 20  20 20 20 3c 64 69 76 20
6b 65 79 3d 7b 6c 61 62  65 6c 7d 20 63 6c 61 73
73 4e 61 6d 65 3d 22 66  6c 65 78 20 69 74 65 6d
73 2d 63 65 6e 74 65 72  20 6a 75 73 74 69 66 79
2d 62 65 74 77 65 65 6e  22 3e 0d 0a 20 20 20 20
20 20 20 20 20 20 20 20  20 20 20 20 20 20 20 20
3c 64 69 76 3e 0d 0a 20  20 20 20 20 20 20 20 20
20 20 20 20 20 20 20 20  20 20 20 20 20 3c 64 69
76 20 63 6c 61 73 73 4e  61 6d 65 3d 22 74 65 78
74 2d 78 73 20 74 65 78  74 2d 78 63 2d 6d 75 74
65 64 22 3e 7b 6c 61 62  65 6c 7d 3c 2f 64 69 76
3e 0d 0a 20 20 20 20 20  20 20 20 20 20 20 20 20
20 20 20 20 20 20 20 20  20 3c 64 69 76 20 63 6c
61 73 73 4e 61 6d 65 3d  22 74 65 78 74 2d 78 73
20 74 65 78 74 2d 78 63  2d 6d 75 74 65 64 2f 36
30 22 3e 7b 73 75 62 7d  3c 2f 64 69 76 3e 0d 0a
20 20 20 20 20 20 20 20  20 20 20 20 20 20 20 20
20 20 20 20 3c 2f 64 69  76 3e 0d 0a 20 20 20 20
20 20 20 20 20 20 20 20  20 20 20 20 20 20 20 20
3c 64 69 76 20 63 6c 61  73 73 4e 61 6d 65 3d 22
74 65 78 74 2d 73 6d 20  66 6f 6e 74 2d 62 6c 61
63 6b 20 74 65 78 74 2d  77 68 69 74 65 22 3e 7b
76 61 6c 75 65 7d 3c 2f  64 69 76 3e 0d 0a 20 20
20 20 20 20 20 20 20 20  20 20 20 20 20 20 20 20
3c 2f 64 69 76 3e 0d 0a  20 20 20 20 20 20 20 20
20 20 20 20 20 20 20 20  29 29 7d 0d 0a 20 20 20
20 20 20 20 20 20 20 20  20 20 20 3c 2f 64 69 76
3e 0d 0a 20 20 20 20 20  20 20 20 20 20 20 20 20
20 3c 64 69 76 20 63 6c  61 73 73 4e 61 6d 65 3d
22 6d 74 2d 34 20 70 74  2d 34 20 62 6f 72 64 65
72 2d 74 20 62 6f 72 64  65 72 2d 77 68 69 74 65
2f 5b 30 2e 30 38 5d 22  3e 0d 0a 20 20 20 20 20
20 20 20 20 20 20 20 20  20 20 20 3c 64 69 76 20
63 6c 61 73 73 4e 61 6d  65 3d 22 74 65 78 74 2d
78 73 20 74 65 78 74 2d  62 6c 75 65 2d 34 30 30
20 66 6f 6e 74 2d 6d 6f  6e 6f 20 75 70 70 65 72
63 61 73 65 20 74 72 61  63 6b 69 6e 67 2d 77 69
64 65 72 20 6d 62 2d 32  22 3e 4e 65 74 77 6f 72
6b 20 48 65 61 6c 74 68  3c 2f 64 69 76 3e 0d 0a
20 20 20 20 20 20 20 20  20 20 20 20 20 20 20 20
3c 64 69 76 20 63 6c 61  73 73 4e 61 6d 65 3d 22
68 2d 32 20 62 67 2d 77  68 69 74 65 2f 35 20 72
6f 75 6e 64 65 64 2d 66  75 6c 6c 20 6f 76 65 72
66 6c 6f 77 2d 68 69 64  64 65 6e 22 3e 0d 0a 20
20 20 20 20 20 20 20 20  20 20 20 20 20 20 20 20
20 3c 64 69 76 20 63 6c  61 73 73 4e 61 6d 65 3d
22 68 2d 66 75 6c 6c 20  72 6f 75 6e 64 65 64 2d
66 75 6c 6c 20 62 67 2d  67 72 61 64 69 65 6e 74
2d 74 6f 2d 72 20 66 72  6f 6d 2d 62 6c 75 65 2d
35 30 30 20 76 69 61 2d  77 68 69 74 65 2f 34 30
20 74 6f 2d 65 6d 65 72  61 6c 64 2d 34 30 30 22
20 73 74 79 6c 65 3d 7b  7b 20 77 69 64 74 68 3a
20 22 39 39 2e 37 25 22  20 7d 7d 20 2f 3e 0d 0a
20 20 20 20 20 20 20 20  20 20 20 20 20 20 20 20
3c 2f 64 69 76 3e 0d 0a  20 20 20 20 20 20 20 20
20 20 20 20 20 20 20 20  3c 64 69 76 20 63 6c 61
73 73 4e 61 6d 65 3d 22  66 6c 65 78 20 6a 75 73
74 69 66 79 2d 62 65 74  77 65 65 6e 20 74 65 78
74 2d 78 73 20 74 65 78  74 2d 78 63 2d 6d 75 74
65 64 20 6d 74 2d 31 22  3e 0d 0a 20 20 20 20 20
20 20 20 20 20 20 20 20  20 20 20 20 20 3c 73 70
61 6e 3e 55 70 74 69 6d  65 3a 20 39 39 2e 39 37
25 3c 2f 73 70 61 6e 3e  0d 0a 20 20 20 20 20 20
20 20 20 20 20 20 20 20  20 20 20 20 3c 73 70 61
6e 3e 4c 61 74 65 6e 63  79 3a 20 32 35 6d 73 20
61 76 67 3c 2f 73 70 61  6e 3e 0d 0a 20 20 20 20
20 20 20 20 20 20 20 20  20 20 20 20 3c 2f 64 69
76 3e 0d 0a 20 20 20 20  20 20 20 20 20 20 20 20
20 20 3c 2f 64 69 76 3e  0d 0a 20 20 20 20 20 20
20 20 20 20 20 20 3c 2f  64 69 76 3e 0d 0a 0d 0a
20 20 20 20 20 20 20 20  20 20 20 20 3c 64 69 76
20 63 6c 61 73 73 4e 61  6d 65 3d 22 6c 67 3a 63
6f 6c 2d 73 70 61 6e 2d  32 20 62 67 2d 78 63 2d
63 61 72 64 20 62 6f 72  64 65 72 20 62 6f 72 64
65 72 2d 78 63 2d 62 6f  72 64 65 72 20 72 6f 75
6e 64 65 64 2d 32 78 6c  20 70 2d 34 20 73 6d 3a
70 2d 36 22 3e 0d 0a 20  20 20 20 20 20 20 20 20
20 20 20 20 20 3c 64 69  76 20 63 6c 61 73 73 4e
61 6d 65 3d 22 66 6c 65  78 20 69 74 65 6d 73 2d
63 65 6e 74 65 72 20 6a  75 73 74 69 66 79 2d 62
65 74 77 65 65 6e 20 6d  62 2d 35 22 3e 0d 0a 20
20 20 20 20 20 20 20 20  20 20 20 20 20 20 20 3c
64 69 76 20 63 6c 61 73  73 4e 61 6d 65 3d 22 66
6c 65 78 20 69 74 65 6d  73 2d 63 65 6e 74 65 72
20 67 61 70 2d 33 22 3e  0d 0a 20 20 20 20 20 20
20 20 20 20 20 20 20 20  20 20 20 20 3c 64 69 76
20 63 6c 61 73 73 4e 61  6d 65 3d 22 77 2d 38 20
68 2d 38 20 72 6f 75 6e  64 65 64 2d 6c 67 20 62
67 2d 77 68 69 74 65 2f  5b 30 2e 30 34 5d 20 66
6c 65 78 20 69 74 65 6d  73 2d 63 65 6e 74 65 72
20 6a 75 73 74 69 66 79  2d 63 65 6e 74 65 72 22
3e 3c 4e 65 77 73 70 61  70 65 72 20 63 6c 61 73
73 4e 61 6d 65 3d 22 77  2d 34 20 68 2d 34 20 74
65 78 74 2d 77 68 69 74  65 2f 35 30 22 20 2f 3e
3c 2f 64 69 76 3e 0d 0a  20 20 20 20 20 20 20 20
20 20 20 20 20 20 20 20  20 20 3c 64 69 76 3e 0d
0a 20 20 20 20 20 20 20  20 20 20 20 20 20 20 20
20 20 20 20 20 3c 68 33  20 63 6c 61 73 73 4e 61
6d 65 3d 22 66 6f 6e 74  2d 62 6c 61 63 6b 20 74
65 78 74 2d 77 68 69 74  65 20 74 65 78 74 2d 62
61 73 65 22 3e 4d 61 72  6b 65 74 20 49 6e 74 65
6c 6c 69 67 65 6e 63 65  20 46 65 65 64 3c 2f 68
33 3e 0d 0a 20 20 20 20  20 20 20 20 20 20 20 20
20 20 20 20 20 20 20 20  3c 70 20 63 6c 61 73 73
4e 61 6d 65 3d 22 74 65  78 74 2d 78 73 20 74 65
78 74 2d 78 63 2d 6d 75  74 65 64 22 3e 41 49 2d
63 75 72 61 74 65 64 20  c2 b7 20 53 70 61 63 65
58 20 c2 b7 20 54 65 73  6c 61 20 c2 b7 20 78 41
49 20 c2 b7 20 4d 61 72  6b 65 74 73 3c 2f 70 3e
0d 0a 20 20 20 20 20 20  20 20 20 20 20 20 20 20
20 20 20 20 3c 2f 64 69  76 3e 0d 0a 20 20 20 20
20 20 20 20 20 20 20 20  20 20 20 20 3c 2f 64 69
76 3e 0d 0a 20 20 20 20  20 20 20 20 20 20 20 20
20 20 20 20 3c 64 69 76  20 63 6c 61 73 73 4e 61
6d 65 3d 22 66 6c 65 78  20 69 74 65 6d 73 2d 63
65 6e 74 65 72 20 67 61  70 2d 32 22 3e 0d 0a 20
20 20 20 20 20 20 20 20  20 20 20 20 20 20 20 20
20 3c 73 70 61 6e 20 63  6c 61 73 73 4e 61 6d 65
3d 22 77 2d 31 2e 35 20  68 2d 31 2e 35 20 72 6f
75 6e 64 65 64 2d 66 75  6c 6c 20 62 67 2d 61 6d
62 65 72 2d 34 30 30 2f  38 30 22 20 2f 3e 0d 0a
20 20 20 20 20 20 20 20  20 20 20 20 20 20 20 20
20 20 3c 73 70 61 6e 20  63 6c 61 73 73 4e 61 6d
65 3d 22 74 65 78 74 2d  78 73 20 66 6f 6e 74 2d
6d 6f 6e 6f 20 74 65 78  74 2d 77 68 69 74 65 2f
35 30 22 3e 4c 49 56 45  3c 2f 73 70 61 6e 3e 0d
0a 20 20 20 20 20 20 20  20 20 20 20 20 20 20 20
20 3c 2f 64 69 76 3e 0d  0a 20 20 20 20 20 20 20
20 20 20 20 20 20 20 3c  2f 64 69 76 3e 0d 0a 20
20 20 20 20 20 20 20 20  20 20 20 20 20 3c 64 69
76 20 63 6c 61 73 73 4e  61 6d 65 3d 22 73 70 61
63 65 2d 79 2d 33 20 6d  61 78 2d 68 2d 5b 33 38
30 70 78 5d 20 6f 76 65  72 66 6c 6f 77 2d 79 2d
61 75 74 6f 20 70 72 2d  31 22 3e 0d 0a 20 20 20
20 20 20 20 20 20 20 20  20 20 20 20 20 7b 4e 45
57 53 5f 46 45 45 44 2e  6d 61 70 28 28 6e 65 77
73 2c 20 69 29 20 3d 3e  20 28 0d 0a 20 20 20 20
20 20 20 20 20 20 20 20  20 20 20 20 20 20 3c 64
69 76 20 6b 65 79 3d 7b  69 7d 20 63 6c 61 73 73
4e 61 6d 65 3d 22 66 6c  65 78 20 67 61 70 2d 34
20 70 2d 33 20 72 6f 75  6e 64 65 64 2d 78 6c 20
62 67 2d 77 68 69 74 65  2f 5b 30 2e 30 32 5d 20
68 6f 76 65 72 3a 62 67  2d 77 68 69 74 65 2f 5b
30 2e 30 34 5d 20 74 72  61 6e 73 69 74 69 6f 6e
2d 63 6f 6c 6f 72 73 20  62 6f 72 64 65 72 20 62
6f 72 64 65 72 2d 74 72  61 6e 73 70 61 72 65 6e
74 20 68 6f 76 65 72 3a  62 6f 72 64 65 72 2d 77
68 69 74 65 2f 5b 30 2e  30 38 5d 22 3e 0d 0a 20
20 20 20 20 20 20 20 20  20 20 20 20 20 20 20 20
20 20 20 3c 64 69 76 20  63 6c 61 73 73 4e 61 6d
65 3d 7b 63 6e 28 22 77  2d 31 30 20 68 2d 31 30
20 72 6f 75 6e 64 65 64  2d 6c 67 20 66 6c 65 78
20 69 74 65 6d 73 2d 63  65 6e 74 65 72 20 6a 75
73 74 69 66 79 2d 63 65  6e 74 65 72 20 73 68 72
69 6e 6b 2d 30 22 2c 20  6e 65 77 73 2e 62 67 43
6f 6c 6f 72 29 7d 3e 3c  6e 65 77 73 2e 69 63 6f
6e 20 63 6c 61 73 73 4e  61 6d 65 3d 7b 63 6e 28
22 77 2d 35 20 68 2d 35  22 2c 20 6e 65 77 73 2e
69 63 6f 6e 43 6f 6c 6f  72 29 7d 20 2f 3e 3c 2f
64 69 76 3e 0d 0a 20 20  20 20 20 20 20 20 20 20
20 20 20 20 20 20 20 20  20 20 3c 64 69 76 20 63
6c 61 73 73 4e 61 6d 65  3d 22 6d 69 6e 2d 77 2d
30 20 66 6c 65 78 2d 31  22 3e 0d 0a 20 20 20 20
20 20 20 20 20 20 20 20  20 20 20 20 20 20 20 20
20 20 3c 64 69 76 20 63  6c 61 73 73 4e 61 6d 65
3d 22 66 6c 65 78 20 69  74 65 6d 73 2d 73 74 61
72 74 20 6a 75 73 74 69  66 79 2d 62 65 74 77 65
65 6e 20 67 61 70 2d 32  22 3e 0d 0a 20 20 20 20
20 20 20 20 20 20 20 20  20 20 20 20 20 20 20 20
20 20 20 20 3c 64 69 76  20 63 6c 61 73 73 4e 61
6d 65 3d 22 74 65 78 74  2d 73 6d 20 66 6f 6e 74
2d 73 65 6d 69 62 6f 6c  64 20 74 65 78 74 2d 77
68 69 74 65 20 6c 65 61  64 69 6e 67 2d 74 69 67
68 74 22 3e 7b 6e 65 77  73 2e 68 65 61 64 6c 69
6e 65 7d 3c 2f 64 69 76  3e 0d 0a 20 20 20 20 20
20 20 20 20 20 20 20 20  20 20 20 20 20 20 20 20
20 20 20 3c 73 70 61 6e  20 63 6c 61 73 73 4e 61
6d 65 3d 22 74 65 78 74  2d 78 73 20 74 65 78 74
2d 78 63 2d 6d 75 74 65  64 20 77 68 69 74 65 73
70 61 63 65 2d 6e 6f 77  72 61 70 20 73 68 72 69
6e 6b 2d 30 22 3e 7b 6e  65 77 73 2e 74 69 6d 65
7d 3c 2f 73 70 61 6e 3e  0d 0a 20 20 20 20 20 20
20 20 20 20 20 20 20 20  20 20 20 20 20 20 20 20
3c 2f 64 69 76 3e 0d 0a  20 20 20 20 20 20 20 20
20 20 20 20 20 20 20 20  20 20 20 20 20 20 3c 70
20 63 6c 61 73 73 4e 61  6d 65 3d 22 74 65 78 74
2d 78 73 20 74 65 78 74  2d 78 63 2d 6d 75 74 65
64 20 6d 74 2d 31 20 6c  69 6e 65 2d 63 6c 61 6d
70 2d 32 22 3e 7b 6e 65  77 73 2e 73 75 6d 6d 61
72 79 7d 3c 2f 70 3e 0d  0a 20 20 20 20 20 20 20
20 20 20 20 20 20 20 20  20 20 20 20 20 20 20 3c
64 69 76 20 63 6c 61 73  73 4e 61 6d 65 3d 22 66
6c 65 78 20 69 74 65 6d  73 2d 63 65 6e 74 65 72
20 67 61 70 2d 34 20 6d  74 2d 32 22 3e 0d 0a 20
20 20 20 20 20 20 20 20  20 20 20 20 20 20 20 20
20 20 20 20 20 20 20 3c  42 61 64 67 65 20 76 61
72 69 61 6e 74 3d 7b 6e  65 77 73 2e 73 65 6e 74
69 6d 65 6e 74 20 3d 3d  3d 20 22 62 75 6c 6c 69
73 68 22 20 3f 20 22 73  75 63 63 65 73 73 22 20
3a 20 6e 65 77 73 2e 73  65 6e 74 69 6d 65 6e 74
20 3d 3d 3d 20 22 62 65  61 72 69 73 68 22 20 3f
20 22 64 61 6e 67 65 72  22 20 3a 20 22 64 65 66
61 75 6c 74 22 7d 20 73  69 7a 65 3d 22 73 6d 22
3e 7b 6e 65 77 73 2e 73  65 6e 74 69 6d 65 6e 74
2e 74 6f 55 70 70 65 72  43 61 73 65 28 29 7d 3c
2f 42 61 64 67 65 3e 0d  0a 20 20 20 20 20 20 20
20 20 20 20 20 20 20 20  20 20 20 20 20 20 20 20
20 3c 73 70 61 6e 20 63  6c 61 73 73 4e 61 6d 65
3d 22 74 65 78 74 2d 78  73 20 74 65 78 74 2d 78
63 2d 6d 75 74 65 64 22  3e 7b 6e 65 77 73 2e 73
6f 75 72 63 65 7d 3c 2f  73 70 61 6e 3e 0d 0a 20
20 20 20 20 20 20 20 20  20 20 20 20 20 20 20 20
20 20 20 20 20 20 20 7b  6e 65 77 73 2e 74 69 63
6b 65 72 20 26 26 20 3c  73 70 61 6e 20 63 6c 61
73 73 4e 61 6d 65 3d 22  74 65 78 74 2d 78 73 20
66 6f 6e 74 2d 6d 6f 6e  6f 20 66 6f 6e 74 2d 62
6f 6c 64 20 74 65 78 74  2d 77 68 69 74 65 20 62
67 2d 77 68 69 74 65 2f  31 30 20 70 78 2d 31 2e
35 20 70 79 2d 30 2e 35  20 72 6f 75 6e 64 65 64
22 3e 7b 6e 65 77 73 2e  74 69 63 6b 65 72 7d 3c
2f 73 70 61 6e 3e 7d 0d  0a 20 20 20 20 20 20 20
20 20 20 20 20 20 20 20  20 20 20 20 20 20 20 3c
2f 64 69 76 3e 0d 0a 20  20 20 20 20 20 20 20 20
20 20 20 20 20 20 20 20  20 20 20 3c 2f 64 69 76
3e 0d 0a 20 20 20 20 20  20 20 20 20 20 20 20 20
20 20 20 20 20 3c 2f 64  69 76 3e 0d 0a 20 20 20
20 20 20 20 20 20 20 20  20 20 20 20 20 29 29 7d
0d 0a 20 20 20 20 20 20  20 20 20 20 20 20 20 20
3c 2f 64 69 76 3e 0d 0a  20 20 20 20 20 20 20 20
20 20 20 20 3c 2f 64 69  76 3e 0d 0a 20 20 20 20
20 20 20 20 20 20 3c 2f  64 69 76 3e 0d 0a 0d 0a
20 20 20 20 20 20 20 20  20 20 7b 2f 2a 20 52 65
74 65 6e 74 69 6f 6e 20  49 6e 74 65 6c 6c 69 67
65 6e 63 65 20 e2 80 94  20 32 c3 97 32 20 67 72
69 64 20 2a 2f 7d 0d 0a  20 20 20 20 20 20 20 20
20 20 3c 73 65 63 74 69  6f 6e 20 63 6c 61 73 73
4e 61 6d 65 3d 22 62 6f  72 64 65 72 20 62 6f 72
64 65 72 2d 77 68 69 74  65 2f 5b 30 2e 30 38 5d
20 72 6f 75 6e 64 65 64  2d 32 78 6c 20 62 67 2d
5b 23 30 61 30 61 30 66  5d 20 6f 76 65 72 66 6c
6f 77 2d 68 69 64 64 65  6e 20 70 2d 36 22 3e 0d
0a 20 20 20 20 20 20 20  20 20 20 20 20 3c 64 69
76 20 63 6c 61 73 73 4e  61 6d 65 3d 22 6d 62 2d
36 22 3e 0d 0a 20 20 20  20 20 20 20 20 20 20 20
20 20 20 3c 70 20 63 6c  61 73 73 4e 61 6d 65 3d
22 74 65 78 74 2d 5b 31  31 70 78 5d 20 66 6f 6e
74 2d 6d 6f 6e 6f 20 75  70 70 65 72 63 61 73 65
20 74 72 61 63 6b 69 6e  67 2d 5b 30 2e 33 32 65
6d 5d 20 74 65 78 74 2d  77 68 69 74 65 2f 34 30
22 3e 43 61 70 69 74 61  6c 20 52 65 74 65 6e 74
69 6f 6e 20 49 6e 74 65  6c 6c 69 67 65 6e 63 65
3c 2f 70 3e 0d 0a 20 20  20 20 20 20 20 20 20 20
20 20 20 20 3c 70 20 63  6c 61 73 73 4e 61 6d 65
3d 22 74 65 78 74 2d 78  73 20 74 65 78 74 2d 78
63 2d 6d 75 74 65 64 20  6d 74 2d 31 22 3e 57 68
61 74 20 79 6f 75 20 73  74 61 6e 64 20 74 6f 20
67 61 69 6e 20 62 79 20  73 74 61 79 69 6e 67 20
64 65 70 6c 6f 79 65 64  3c 2f 70 3e 0d 0a 20 20
20 20 20 20 20 20 20 20  20 20 3c 2f 64 69 76 3e
0d 0a 20 20 20 20 20 20  20 20 20 20 20 20 3c 64
69 76 20 63 6c 61 73 73  4e 61 6d 65 3d 22 67 72
69 64 20 6d 64 3a 67 72  69 64 2d 63 6f 6c 73 2d
32 20 67 61 70 2d 34 22  3e 0d 0a 20 20 20 20 20
20 20 20 20 20 20 20 20  20 3c 4f 70 70 6f 72 74
75 6e 69 74 79 43 6f 73  74 56 69 73 75 61 6c 69
7a 65 72 0d 0a 20 20 20  20 20 20 20 20 20 20 20
20 20 20 20 20 63 75 72  72 65 6e 74 42 61 6c 61
6e 63 65 3d 7b 73 74 61  62 6c 65 42 61 6c 61 6e
63 65 7d 0d 0a 20 20 20  20 20 20 20 20 20 20 20
20 20 20 20 20 64 61 69  6c 79 52 61 74 65 3d 7b
64 61 69 6c 79 52 61 74  65 7d 0d 0a 20 20 20 20
20 20 20 20 20 20 20 20  20 20 2f 3e 0d 0a 20 20
20 20 20 20 20 20 20 20  20 20 20 20 3c 43 6f 6d
70 6f 75 6e 64 69 6e 67  45 73 63 61 6c 61 74 6f
72 0d 0a 20 20 20 20 20  20 20 20 20 20 20 20 20
20 20 20 63 75 72 72 65  6e 74 42 61 6c 61 6e 63
65 3d 7b 73 74 61 62 6c  65 42 61 6c 61 6e 63 65
7d 0d 0a 20 20 20 20 20  20 20 20 20 20 20 20 20
20 20 20 64 61 69 6c 79  52 61 74 65 3d 7b 64 61
69 6c 79 52 61 74 65 7d  0d 0a 20 20 20 20 20 20
20 20 20 20 20 20 20 20  2f 3e 0d 0a 20 20 20 20
20 20 20 20 20 20 20 20  20 20 3c 4e 65 78 74 43
69 76 69 6c 69 7a 61 74  69 6f 6e 53 63 6f 72 65
0d 0a 20 20 20 20 20 20  20 20 20 20 20 20 20 20
20 20 64 61 79 73 53 69  6e 63 65 46 69 72 73 74
44 65 70 6f 73 69 74 3d  7b 75 73 65 72 3f 2e 63
72 65 61 74 65 64 41 74  20 3f 20 4d 61 74 68 2e
66 6c 6f 6f 72 28 28 44  61 74 65 2e 6e 6f 77 28
29 20 2d 20 6e 65 77 20  44 61 74 65 28 75 73 65
72 2e 63 72 65 61 74 65  64 41 74 29 2e 67 65 74
54 69 6d 65 28 29 29 20  2f 20 28 31 30 30 30 20
2a 20 36 30 20 2a 20 36  30 20 2a 20 32 34 29 29
20 3a 20 31 7d 0d 0a 20  20 20 20 20 20 20 20 20
20 20 20 20 20 20 20 63  6f 6d 70 6c 65 74 65 64
44 65 70 6f 73 69 74 73  3d 7b 74 72 61 6e 73 61
63 74 69 6f 6e 73 2e 66  69 6c 74 65 72 28 74 20
3d 3e 20 74 2e 74 79 70  65 20 3d 3d 3d 20 22 44
45 50 4f 53 49 54 22 29  2e 6c 65 6e 67 74 68 20
7c 7c 20 31 7d 0d 0a 20  20 20 20 20 20 20 20 20
20 20 20 20 20 20 20 74  6f 74 61 6c 44 65 70 6c
6f 79 65 64 3d 7b 73 74  61 62 6c 65 42 61 6c 61
6e 63 65 7d 0d 0a 20 20  20 20 20 20 20 20 20 20
20 20 20 20 2f 3e 0d 0a  20 20 20 20 20 20 20 20
20 20 20 20 20 20 3c 45  6c 6f 6e 48 6f 72 69 7a
6f 6e 0d 0a 20 20 20 20  20 20 20 20 20 20 20 20
20 20 20 20 70 72 6f 6a  65 63 74 65 64 39 30 64
56 61 6c 75 65 3d 7b 70  72 6f 6a 39 30 64 7d 0d
0a 20 20 20 20 20 20 20  20 20 20 20 20 20 20 2f
3e 0d 0a 20 20 20 20 20  20 20 20 20 20 20 20 3c
2f 64 69 76 3e 0d 0a 20  20 20 20 20 20 20 20 20
20 3c 2f 73 65 63 74 69  6f 6e 3e 0d 0a 0d 0a 20
20 20 20 20 20 20 20 20  20 7b 2f 2a 20 43 68 61
69 72 6d 61 6e 20 6d 61  6e 64 61 74 65 20 2a 2f
7d 0d 0a 20 20 20 20 20  20 20 20 20 20 3c 73 65
63 74 69 6f 6e 20 63 6c  61 73 73 4e 61 6d 65 3d
22 62 6f 72 64 65 72 20  62 6f 72 64 65 72 2d 77
68 69 74 65 2f 5b 30 2e  30 38 5d 20 72 6f 75 6e
64 65 64 2d 32 78 6c 20  6f 76 65 72 66 6c 6f 77
2d 68 69 64 64 65 6e 20  62 67 2d 5b 23 30 38 30
38 30 63 5d 22 3e 0d 0a  20 20 20 20 20 20 20 20
20 20 20 20 3c 64 69 76  20 63 6c 61 73 73 4e 61
6d 65 3d 22 67 72 69 64  20 6c 67 3a 67 72 69 64
2d 63 6f 6c 73 2d 31 32  22 3e 0d 0a 20 20 20 20
20 20 20 20 20 20 20 20  20 20 3c 64 69 76 20 63
6c 61 73 73 4e 61 6d 65  3d 22 6c 67 3a 63 6f 6c
2d 73 70 61 6e 2d 34 20  72 65 6c 61 74 69 76 65
20 6d 69 6e 2d 68 2d 5b  32 38 30 70 78 5d 20 6c
67 3a 6d 69 6e 2d 68 2d  30 22 3e 0d 0a 20 20 20
20 20 20 20 20 20 20 20  20 20 20 20 20 3c 49 6d
61 67 65 20 73 72 63 3d  22 2f 69 6d 61 67 65 73
2f 65 6c 6f 6e 2d 6d 75  73 6b 2e 6a 70 67 22 20
61 6c 74 3d 22 45 6c 6f  6e 20 4d 75 73 6b 20 e2
80 94 20 46 6f 75 6e 64  65 72 20 61 6e 64 20 43
68 69 65 66 20 41 72 63  68 69 74 65 63 74 22 20
66 69 6c 6c 20 73 69 7a  65 73 3d 22 28 6d 61 78
2d 77 69 64 74 68 3a 20  31 30 32 34 70 78 29 20
31 30 30 76 77 2c 20 33  33 76 77 22 20 63 6c 61
73 73 4e 61 6d 65 3d 22  6f 62 6a 65 63 74 2d 63
6f 76 65 72 20 6f 62 6a  65 63 74 2d 74 6f 70 22
20 70 72 69 6f 72 69 74  79 3d 7b 66 61 6c 73 65
7d 20 2f 3e 0d 0a 20 20  20 20 20 20 20 20 20 20
20 20 20 20 20 20 3c 64  69 76 20 63 6c 61 73 73
4e 61 6d 65 3d 22 61 62  73 6f 6c 75 74 65 20 69
6e 73 65 74 2d 30 20 62  67 2d 67 72 61 64 69 65
6e 74 2d 74 6f 2d 74 20  6c 67 3a 62 67 2d 67 72
61 64 69 65 6e 74 2d 74  6f 2d 72 20 66 72 6f 6d
2d 5b 23 30 38 30 38 30  63 5d 20 76 69 61 2d 5b
23 30 38 30 38 30 63 5d  2f 34 30 20 74 6f 2d 74
72 61 6e 73 70 61 72 65  6e 74 22 20 2f 3e 0d 0a
20 20 20 20 20 20 20 20  20 20 20 20 20 20 3c 2f
64 69 76 3e 0d 0a 20 20  20 20 20 20 20 20 20 20
20 20 20 20 3c 64 69 76  20 63 6c 61 73 73 4e 61
6d 65 3d 22 6c 67 3a 63  6f 6c 2d 73 70 61 6e 2d
38 20 70 2d 38 20 73 6d  3a 70 2d 31 30 20 66 6c
65 78 20 66 6c 65 78 2d  63 6f 6c 20 6a 75 73 74
69 66 79 2d 63 65 6e 74  65 72 22 3e 0d 0a 20 20
20 20 20 20 20 20 20 20  20 20 20 20 20 20 3c 70
20 63 6c 61 73 73 4e 61  6d 65 3d 22 74 65 78 74
2d 5b 31 31 70 78 5d 20  66 6f 6e 74 2d 6d 6f 6e
6f 20 75 70 70 65 72 63  61 73 65 20 74 72 61 63
6b 69 6e 67 2d 5b 30 2e  33 35 65 6d 5d 20 74 65
78 74 2d 77 68 69 74 65  2f 33 35 20 6d 62 2d 34
22 3e 43 68 61 69 72 6d  61 6e 27 73 20 6d 61 6e
64 61 74 65 3c 2f 70 3e  0d 0a 20 20 20 20 20 20
20 20 20 20 20 20 20 20  20 20 3c 62 6c 6f 63 6b
71 75 6f 74 65 20 63 6c  61 73 73 4e 61 6d 65 3d
22 74 65 78 74 2d 32 78  6c 20 73 6d 3a 74 65 78
74 2d 33 78 6c 20 66 6f  6e 74 2d 62 6c 61 63 6b
20 74 65 78 74 2d 77 68  69 74 65 20 6c 65 61 64
69 6e 67 2d 73 6e 75 67  20 6d 62 2d 34 20 6d 61
78 2d 77 2d 32 78 6c 22  3e 0d 0a 20 20 20 20 20
20 20 20 20 20 20 20 20  20 20 20 20 20 26 6c 64
71 75 6f 3b 58 2d 43 41  50 49 54 41 4c 20 69 73
20 74 68 65 20 66 69 6e  61 6e 63 69 61 6c 20 69
6e 66 72 61 73 74 72 75  63 74 75 72 65 20 66 6f
72 20 74 68 65 20 6d 75  6c 74 69 70 6c 61 6e 65
74 61 72 79 20 65 63 6f  6e 6f 6d 79 2e 26 72 64
71 75 6f 3b 0d 0a 20 20  20 20 20 20 20 20 20 20
20 20 20 20 20 20 3c 2f  62 6c 6f 63 6b 71 75 6f
74 65 3e 0d 0a 20 20 20  20 20 20 20 20 20 20 20
20 20 20 20 20 3c 70 20  63 6c 61 73 73 4e 61 6d
65 3d 22 74 65 78 74 2d  73 6d 20 74 65 78 74 2d
77 68 69 74 65 2f 35 35  20 6c 65 61 64 69 6e 67
2d 72 65 6c 61 78 65 64  20 6d 61 78 2d 77 2d 78
6c 20 6d 62 2d 36 22 3e  0d 0a 20 20 20 20 20 20
20 20 20 20 20 20 20 20  20 20 20 20 49 6e 73 74
69 74 75 74 69 6f 6e 61  6c 20 63 61 70 69 74 61
6c 20 64 65 70 6c 6f 79  6d 65 6e 74 20 61 63 72
6f 73 73 20 70 75 62 6c  69 63 20 6d 61 72 6b 65
74 73 2c 20 70 72 69 76  61 74 65 20 65 71 75 69
74 79 2c 20 74 6f 6b 65  6e 69 7a 65 64 20 61 73
73 65 74 73 2c 20 61 6e  64 20 69 6e 66 72 61 73
74 72 75 63 74 75 72 65  20 e2 80 94 20 67 6f 76
65 72 6e 65 64 20 62 79  20 61 20 73 69 6e 67 6c
65 20 6f 70 65 72 61 74  69 6e 67 20 73 74 61 6e
64 61 72 64 2e 0d 0a 20  20 20 20 20 20 20 20 20
20 20 20 20 20 20 20 3c  2f 70 3e 0d 0a 20 20 20
20 20 20 20 20 20 20 20  20 20 20 20 20 3c 64 69
76 20 63 6c 61 73 73 4e  61 6d 65 3d 22 66 6c 65
78 20 66 6c 65 78 2d 77  72 61 70 20 69 74 65 6d
73 2d 63 65 6e 74 65 72  20 67 61 70 2d 78 2d 36
20 67 61 70 2d 79 2d 32  20 74 65 78 74 2d 78 73
20 74 65 78 74 2d 77 68  69 74 65 2f 34 35 20 66
6f 6e 74 2d 6d 6f 6e 6f  20 75 70 70 65 72 63 61
73 65 20 74 72 61 63 6b  69 6e 67 2d 77 69 64 65
72 22 3e 0d 0a 20 20 20  20 20 20 20 20 20 20 20
20 20 20 20 20 20 20 3c  73 70 61 6e 3e 45 6c 6f
6e 20 4d 75 73 6b 3c 2f  73 70 61 6e 3e 0d 0a 20
20 20 20 20 20 20 20 20  20 20 20 20 20 20 20 20
20 3c 73 70 61 6e 20 63  6c 61 73 73 4e 61 6d 65
3d 22 68 69 64 64 65 6e  20 73 6d 3a 69 6e 6c 69
6e 65 20 74 65 78 74 2d  77 68 69 74 65 2f 32 30
22 3e 7c 3c 2f 73 70 61  6e 3e 0d 0a 20 20 20 20
20 20 20 20 20 20 20 20  20 20 20 20 20 20 3c 73
70 61 6e 3e 46 6f 75 6e  64 65 72 20 26 20 43 68
69 65 66 20 41 72 63 68  69 74 65 63 74 3c 2f 73
70 61 6e 3e 0d 0a 20 20  20 20 20 20 20 20 20 20
20 20 20 20 20 20 20 20  3c 73 70 61 6e 20 63 6c
61 73 73 4e 61 6d 65 3d  22 68 69 64 64 65 6e 20
73 6d 3a 69 6e 6c 69 6e  65 20 74 65 78 74 2d 77
68 69 74 65 2f 32 30 22  3e 7c 3c 2f 73 70 61 6e
3e 0d 0a 20 20 20 20 20  20 20 20 20 20 20 20 20
20 20 20 20 20 3c 73 70  61 6e 3e 45 73 74 2e 20
32 30 32 36 3c 2f 73 70  61 6e 3e 0d 0a 20 20 20
20 20 20 20 20 20 20 20  20 20 20 20 20 3c 2f 64
69 76 3e 0d 0a 20 20 20  20 20 20 20 20 20 20 20
20 20 20 3c 2f 64 69 76  3e 0d 0a 20 20 20 20 20
20 20 20 20 20 20 20 3c  2f 64 69 76 3e 0d 0a 20
20 20 20 20 20 20 20 20  20 3c 2f 73 65 63 74 69
6f 6e 3e 0d 0a 20 20 20  20 20 20 20 20 3c 2f 52
61 69 6c 4c 6f 63 6b 3e  0d 0a 20 20 20 20 20 20
3c 2f 64 69 76 3e 0d 0a  20 20 20 20 20 20 7b 2f
2a 20 47 6c 6f 62 61 6c  20 73 74 79 6c 65 20 66
6f 72 20 73 6c 69 64 65  2d 69 6e 20 61 6e 69 6d
61 74 69 6f 6e 20 2a 2f  7d 0d 0a 20 20 20 20 20
20 3c 73 74 79 6c 65 20  6a 73 78 20 67 6c 6f 62
61 6c 3e 7b 60 0d 0a 20  20 20 20 20 20 20 20 40
6b 65 79 66 72 61 6d 65  73 20 73 6c 69 64 65 2d
69 6e 20 7b 0d 0a 20 20  20 20 20 20 20 20 20 20
66 72 6f 6d 20 7b 20 6f  70 61 63 69 74 79 3a 20
30 3b 20 74 72 61 6e 73  66 6f 72 6d 3a 20 74 72
61 6e 73 6c 61 74 65 59  28 2d 36 70 78 29 3b 20
7d 0d 0a 20 20 20 20 20  20 20 20 20 20 74 6f 20
7b 20 6f 70 61 63 69 74  79 3a 20 31 3b 20 74 72
61 6e 73 66 6f 72 6d 3a  20 74 72 61 6e 73 6c 61
74 65 59 28 30 29 3b 20  7d 0d 0a 20 20 20 20 20
20 20 20 7d 0d 0a 20 20  20 20 20 20 20 20 2e 61
6e 69 6d 61 74 65 2d 73  6c 69 64 65 2d 69 6e 20
7b 0d 0a 20 20 20 20 20  20 20 20 20 20 61 6e 69
6d 61 74 69 6f 6e 3a 20  73 6c 69 64 65 2d 69 6e
20 30 2e 33 73 20 65 61  73 65 2d 6f 75 74 3b 0d
0a 20 20 20 20 20 20 20  20 7d 0d 0a 20 20 20 20
20 20 60 7d 3c 2f 73 74  79 6c 65 3e 0d 0a 20 20
20 20 3c 2f 44 61 73 68  62 6f 61 72 64 4c 61 79
6f 75 74 3e 0d 0a 20 20  29 3b 0d 0a 7d 0d 0a 0d
0a 63 6f 6e 73 74 20 44  45 4d 4f 5f 41 53 53 45
54 53 3a 20 50 61 72 74  69 61 6c 3c 41 73 73 65
74 3e 5b 5d 20 3d 20 5b  0d 0a 20 20 7b 20 73 79
6d 62 6f 6c 3a 20 22 54  53 4c 41 22 2c 20 6e 61
6d 65 3a 20 22 54 65 73  6c 61 2c 20 49 6e 63 2e
22 2c 20 70 72 69 63 65  3a 20 32 34 38 2e 34 32
2c 20 70 72 69 63 65 43  68 61 6e 67 65 32 34 68
3a 20 33 2e 32 31 20 7d  2c 0d 0a 20 20 7b 20 73
79 6d 62 6f 6c 3a 20 22  4e 56 44 41 22 2c 20 6e
61 6d 65 3a 20 22 4e 56  49 44 49 41 20 43 6f 72
70 6f 72 61 74 69 6f 6e  22 2c 20 70 72 69 63 65
3a 20 38 37 35 2e 33 39  2c 20 70 72 69 63 65 43
68 61 6e 67 65 32 34 68  3a 20 32 2e 31 35 20 7d
2c 0d 0a 20 20 7b 20 73  79 6d 62 6f 6c 3a 20 22
41 41 50 4c 22 2c 20 6e  61 6d 65 3a 20 22 41 70
70 6c 65 20 49 6e 63 2e  22 2c 20 70 72 69 63 65
3a 20 32 31 33 2e 30 37  2c 20 70 72 69 63 65 43
68 61 6e 67 65 32 34 68  3a 20 30 2e 35 34 20 7d
2c 0d 0a 20 20 7b 20 73  79 6d 62 6f 6c 3a 20 22
4d 45 54 41 22 2c 20 6e  61 6d 65 3a 20 22 4d 65
74 61 20 50 6c 61 74 66  6f 72 6d 73 22 2c 20 70
72 69 63 65 3a 20 35 31  33 2e 39 32 2c 20 70 72
69 63 65 43 68 61 6e 67  65 32 34 68 3a 20 32 2e
37 37 20 7d 2c 0d 0a 20  20 7b 20 73 79 6d 62 6f
6c 3a 20 22 58 53 50 41  43 45 22 2c 20 6e 61 6d
65 3a 20 22 58 2d 53 50  41 43 45 20 54 6f 6b 65
6e 22 2c 20 70 72 69 63  65 3a 20 31 32 2e 35 2c
20 70 72 69 63 65 43 68  61 6e 67 65 32 34 68 3a
20 35 2e 31 32 20 7d 2c  0d 0a 20 20 7b 20 73 79
6d 62 6f 6c 3a 20 22 58  49 4e 46 52 41 22 2c 20
6e 61 6d 65 3a 20 22 58  2d 49 4e 46 52 41 20 54
6f 6b 65 6e 22 2c 20 70  72 69 63 65 3a 20 38 2e
37 35 2c 20 70 72 69 63  65 43 68 61 6e 67 65 32
34 68 3a 20 32 2e 38 38  20 7d 2c 0d 0a 5d 3b 0d
0a 0d 0a 63 6f 6e 73 74  20 53 50 41 43 45 58 5f
4d 49 53 53 49 4f 4e 53  20 3d 20 5b 0d 0a 20 20
7b 20 6e 61 6d 65 3a 20  22 53 74 61 72 73 68 69
70 20 46 6c 69 67 68 74  20 31 31 22 2c 20 76 65
68 69 63 6c 65 3a 20 22  53 75 70 65 72 20 48 65
61 76 79 20 2b 20 53 74  61 72 73 68 69 70 22 2c
20 64 61 74 65 3a 20 22  4d 61 72 20 32 38 2c 20
32 30 32 36 22 2c 20 70  61 79 6c 6f 61 64 3a 20
22 34 30 20 53 74 61 72  6c 69 6e 6b 20 56 33 22
2c 20 73 75 63 63 65 73  73 3a 20 74 72 75 65 20
7d 2c 0d 0a 20 20 7b 20  6e 61 6d 65 3a 20 22 46
61 6c 63 6f 6e 20 39 20  c2 b7 20 54 72 61 6e 73
70 6f 72 74 65 72 2d 31  34 22 2c 20 76 65 68 69
63 6c 65 3a 20 22 46 61  6c 63 6f 6e 20 39 20 42
6c 6f 63 6b 20 35 22 2c  20 64 61 74 65 3a 20 22
4d 61 72 20 32 32 2c 20  32 30 32 36 22 2c 20 70
61 79 6c 6f 61 64 3a 20  22 52 69 64 65 73 68 61
72 65 20 31 31 32 20 73  61 74 73 22 2c 20 73 75
63 63 65 73 73 3a 20 74  72 75 65 20 7d 2c 0d 0a
20 20 7b 20 6e 61 6d 65  3a 20 22 46 61 6c 63 6f
6e 20 48 65 61 76 79 20  c2 b7 20 55 53 53 46 2d
36 37 22 2c 20 76 65 68  69 63 6c 65 3a 20 22 46
61 6c 63 6f 6e 20 48 65  61 76 79 22 2c 20 64 61
74 65 3a 20 22 4d 61 72  20 31 35 2c 20 32 30 32
36 22 2c 20 70 61 79 6c  6f 61 64 3a 20 22 4e 52
4f 20 43 6c 61 73 73 69  66 69 65 64 22 2c 20 73
75 63 63 65 73 73 3a 20  74 72 75 65 20 7d 2c 0d
0a 20 20 7b 20 6e 61 6d  65 3a 20 22 53 74 61 72
73 68 69 70 20 46 6c 69  67 68 74 20 31 30 22 2c
20 76 65 68 69 63 6c 65  3a 20 22 53 75 70 65 72
20 48 65 61 76 79 20 2b  20 53 74 61 72 73 68 69
70 22 2c 20 64 61 74 65  3a 20 22 4d 61 72 20 34
2c 20 32 30 32 36 22 2c  20 70 61 79 6c 6f 61 64
3a 20 22 42 6f 6f 73 74  65 72 20 63 61 74 63 68
20 74 65 73 74 22 2c 20  73 75 63 63 65 73 73 3a
20 74 72 75 65 20 7d 2c  0d 0a 20 20 7b 20 6e 61
6d 65 3a 20 22 46 61 6c  63 6f 6e 20 39 20 c2 b7
20 43 52 53 2d 33 32 22  2c 20 76 65 68 69 63 6c
65 3a 20 22 46 61 6c 63  6f 6e 20 39 20 42 6c 6f
63 6b 20 35 22 2c 20 64  61 74 65 3a 20 22 46 65
62 20 32 37 2c 20 32 30  32 36 22 2c 20 70 61 79
6c 6f 61 64 3a 20 22 49  53 53 20 44 72 61 67 6f
6e 20 52 65 73 75 70 70  6c 79 22 2c 20 73 75 63
63 65 73 73 3a 20 74 72  75 65 20 7d 2c 0d 0a 5d
3b 0d 0a 0d 0a 63 6f 6e  73 74 20 4d 55 53 4b 5f
56 45 4e 54 55 52 45 53  20 3d 20 5b 0d 0a 20 20
7b 20 6e 61 6d 65 3a 20  22 54 65 73 6c 61 22 2c
20 72 6f 6c 65 3a 20 22  43 45 4f 20 c2 b7 20 54
65 63 68 6e 6f 6b 69 6e  67 22 2c 20 76 61 6c 75
61 74 69 6f 6e 3a 20 22  24 31 2e 32 54 22 2c 20
63 68 61 6e 67 65 3a 20  31 38 2e 34 2c 20 69 63
6f 6e 3a 20 43 61 72 2c  20 62 67 43 6f 6c 6f 72
3a 20 22 62 67 2d 72 65  64 2d 39 30 30 2f 34 30
22 2c 20 69 63 6f 6e 43  6f 6c 6f 72 3a 20 22 74
65 78 74 2d 72 65 64 2d  34 30 30 22 20 7d 2c 0d
0a 20 20 7b 20 6e 61 6d  65 3a 20 22 53 70 61 63
65 58 22 2c 20 72 6f 6c  65 3a 20 22 43 45 4f 20
c2 b7 20 43 68 69 65 66  20 45 6e 67 69 6e 65 65
72 22 2c 20 76 61 6c 75  61 74 69 6f 6e 3a 20 22
24 33 35 30 42 22 2c 20  63 68 61 6e 67 65 3a 20
33 32 2e 31 2c 20 69 63  6f 6e 3a 20 52 6f 63 6b
65 74 2c 20 62 67 43 6f  6c 6f 72 3a 20 22 62 67
2d 77 68 69 74 65 2f 5b  30 2e 30 34 5d 22 2c 20
69 63 6f 6e 43 6f 6c 6f  72 3a 20 22 74 65 78 74
2d 77 68 69 74 65 2f 35  30 22 20 7d 2c 0d 0a 20
20 7b 20 6e 61 6d 65 3a  20 22 78 41 49 22 2c 20
72 6f 6c 65 3a 20 22 46  6f 75 6e 64 65 72 20 c2
b7 20 43 45 4f 22 2c 20  76 61 6c 75 61 74 69 6f
6e 3a 20 22 24 38 30 42  22 2c 20 63 68 61 6e 67
65 3a 20 31 32 34 2e 35  2c 20 69 63 6f 6e 3a 20
42 72 61 69 6e 43 69 72  63 75 69 74 2c 20 62 67
43 6f 6c 6f 72 3a 20 22  62 67 2d 77 68 69 74 65
2f 5b 30 2e 30 34 5d 22  2c 20 69 63 6f 6e 43 6f
6c 6f 72 3a 20 22 74 65  78 74 2d 77 68 69 74 65
2f 36 30 22 20 7d 2c 0d  0a 20 20 7b 20 6e 61 6d
65 3a 20 22 4e 65 75 72  61 6c 69 6e 6b 22 2c 20
72 6f 6c 65 3a 20 22 43  6f 2d 66 6f 75 6e 64 65
72 22 2c 20 76 61 6c 75  61 74 69 6f 6e 3a 20 22
24 31 32 42 22 2c 20 63  68 61 6e 67 65 3a 20 34
35 2e 38 2c 20 69 63 6f  6e 3a 20 43 69 72 63 75
69 74 42 6f 61 72 64 2c  20 62 67 43 6f 6c 6f 72
3a 20 22 62 67 2d 70 69  6e 6b 2d 39 30 30 2f 34
30 22 2c 20 69 63 6f 6e  43 6f 6c 6f 72 3a 20 22
74 65 78 74 2d 70 69 6e  6b 2d 34 30 30 22 20 7d
2c 0d 0a 20 20 7b 20 6e  61 6d 65 3a 20 22 54 68
65 20 42 6f 72 69 6e 67  20 43 6f 22 2c 20 72 6f
6c 65 3a 20 22 46 6f 75  6e 64 65 72 22 2c 20 76
61 6c 75 61 74 69 6f 6e  3a 20 22 24 38 2e 35 42
22 2c 20 63 68 61 6e 67  65 3a 20 31 32 2e 33 2c
20 69 63 6f 6e 3a 20 42  75 69 6c 64 69 6e 67 32
2c 20 62 67 43 6f 6c 6f  72 3a 20 22 62 67 2d 77
68 69 74 65 2f 5b 30 2e  30 34 5d 2f 34 30 22 2c
20 69 63 6f 6e 43 6f 6c  6f 72 3a 20 22 74 65 78
74 2d 77 68 69 74 65 2f  35 30 22 20 7d 2c 0d 0a
20 20 7b 20 6e 61 6d 65  3a 20 22 53 74 61 72 6c
69 6e 6b 22 2c 20 72 6f  6c 65 3a 20 22 53 70 61
63 65 58 20 44 69 76 69  73 69 6f 6e 22 2c 20 76
61 6c 75 61 74 69 6f 6e  3a 20 22 24 31 32 30 42
22 2c 20 63 68 61 6e 67  65 3a 20 35 32 2e 37 2c
20 69 63 6f 6e 3a 20 53  61 74 65 6c 6c 69 74 65
2c 20 62 67 43 6f 6c 6f  72 3a 20 22 62 67 2d 62
6c 75 65 2d 39 30 30 2f  34 30 22 2c 20 69 63 6f
6e 43 6f 6c 6f 72 3a 20  22 74 65 78 74 2d 62 6c
75 65 2d 34 30 30 22 20  7d 2c 0d 0a 5d 3b 0d 0a
0d 0a 74 79 70 65 20 4e  65 77 73 53 65 6e 74 69
6d 65 6e 74 20 3d 20 22  62 75 6c 6c 69 73 68 22
20 7c 20 22 62 65 61 72  69 73 68 22 20 7c 20 22
6e 65 75 74 72 61 6c 22  3b 0d 0a 63 6f 6e 73 74
20 4e 45 57 53 5f 46 45  45 44 3a 20 41 72 72 61
79 3c 7b 20 68 65 61 64  6c 69 6e 65 3a 20 73 74
72 69 6e 67 3b 20 73 75  6d 6d 61 72 79 3a 20 73
74 72 69 6e 67 3b 20 74  69 6d 65 3a 20 73 74 72
69 6e 67 3b 20 73 6f 75  72 63 65 3a 20 73 74 72
69 6e 67 3b 20 74 69 63  6b 65 72 3f 3a 20 73 74
72 69 6e 67 3b 20 73 65  6e 74 69 6d 65 6e 74 3a
20 4e 65 77 73 53 65 6e  74 69 6d 65 6e 74 3b 20
69 63 6f 6e 3a 20 74 79  70 65 6f 66 20 52 6f 63
6b 65 74 3b 20 62 67 43  6f 6c 6f 72 3a 20 73 74
72 69 6e 67 3b 20 69 63  6f 6e 43 6f 6c 6f 72 3a
20 73 74 72 69 6e 67 20  7d 3e 20 3d 20 5b 0d 0a
20 20 7b 20 68 65 61 64  6c 69 6e 65 3a 20 22 53
74 61 72 73 68 69 70 20  46 6c 69 67 68 74 20 31
32 20 73 63 68 65 64 75  6c 65 64 20 66 6f 72 20
41 70 72 69 6c 20 39 20  e2 80 94 20 66 75 6c 6c
20 6f 72 62 69 74 61 6c  20 61 74 74 65 6d 70 74
20 77 69 74 68 20 34 30  20 56 33 20 53 74 61 72
6c 69 6e 6b 73 22 2c 20  73 75 6d 6d 61 72 79 3a
20 22 53 70 61 63 65 58  20 74 61 72 67 65 74 69
6e 67 20 66 75 6c 6c 20  6f 72 62 69 74 61 6c 20
69 6e 73 65 72 74 69 6f  6e 20 61 6e 64 20 62 6f
6f 73 74 65 72 20 63 61  74 63 68 2e 20 49 66 20
73 75 63 63 65 73 73 66  75 6c 2c 20 74 68 69 73
20 77 69 6c 6c 20 62 65  20 74 68 65 20 66 69 72
73 74 20 6f 70 65 72 61  74 69 6f 6e 61 6c 20 53
74 61 72 6c 69 6e 6b 20  56 33 20 64 65 70 6c 6f
79 6d 65 6e 74 20 76 69  61 20 53 74 61 72 73 68
69 70 2e 22 2c 20 74 69  6d 65 3a 20 22 32 68 20
61 67 6f 22 2c 20 73 6f  75 72 63 65 3a 20 22 53
70 61 63 65 58 20 50 72  65 73 73 22 2c 20 74 69
63 6b 65 72 3a 20 22 53  70 61 63 65 58 22 2c 20
73 65 6e 74 69 6d 65 6e  74 3a 20 22 62 75 6c 6c
69 73 68 22 20 61 73 20  63 6f 6e 73 74 2c 20 69
63 6f 6e 3a 20 52 6f 63  6b 65 74 2c 20 62 67 43
6f 6c 6f 72 3a 20 22 62  67 2d 77 68 69 74 65 2f
5b 30 2e 30 34 5d 22 2c  20 69 63 6f 6e 43 6f 6c
6f 72 3a 20 22 74 65 78  74 2d 77 68 69 74 65 2f
35 30 22 20 7d 2c 0d 0a  20 20 7b 20 68 65 61 64
6c 69 6e 65 3a 20 22 54  65 73 6c 61 20 51 31 20
32 30 32 36 20 64 65 6c  69 76 65 72 69 65 73 20
73 75 72 67 65 20 33 38  25 20 74 6f 20 36 31 34
2c 30 30 30 20 75 6e 69  74 73 20 e2 80 94 20 43
79 62 65 72 74 72 75 63  6b 20 72 61 6d 70 20 61
63 63 65 6c 65 72 61 74  65 73 22 2c 20 73 75 6d
6d 61 72 79 3a 20 22 54  65 73 6c 61 20 65 78 63
65 65 64 65 64 20 57 61  6c 6c 20 53 74 72 65 65
74 20 63 6f 6e 73 65 6e  73 75 73 20 62 79 20 31
32 25 2e 20 43 79 62 65  72 74 72 75 63 6b 20 70
72 6f 64 75 63 74 69 6f  6e 20 68 69 74 20 38 2c
32 30 30 2f 77 65 65 6b  20 72 75 6e 20 72 61 74
65 20 61 74 20 47 69 67  61 66 61 63 74 6f 72 79
20 54 65 78 61 73 2e 20  4d 6f 64 65 6c 20 32 20
70 72 6f 64 75 63 74 69  6f 6e 20 62 65 67 69 6e
73 20 51 33 2e 22 2c 20  74 69 6d 65 3a 20 22 35
68 20 61 67 6f 22 2c 20  73 6f 75 72 63 65 3a 20
22 52 65 75 74 65 72 73  22 2c 20 74 69 63 6b 65
72 3a 20 22 54 53 4c 41  22 2c 20 73 65 6e 74 69
6d 65 6e 74 3a 20 22 62  75 6c 6c 69 73 68 22 20
61 73 20 63 6f 6e 73 74  2c 20 69 63 6f 6e 3a 20
43 61 72 2c 20 62 67 43  6f 6c 6f 72 3a 20 22 62
67 2d 72 65 64 2d 39 30  30 2f 34 30 22 2c 20 69
63 6f 6e 43 6f 6c 6f 72  3a 20 22 74 65 78 74 2d
72 65 64 2d 34 30 30 22  20 7d 2c 0d 0a 20 20 7b
20 68 65 61 64 6c 69 6e  65 3a 20 22 78 41 49 20
47 72 6f 6b 2d 34 20 62  65 6e 63 68 6d 61 72 6b
20 63 72 75 73 68 65 73  20 47 50 54 2d 35 20 6f
6e 20 4d 4d 4c 55 2d 50  72 6f 20 61 6e 64 20 41
52 43 2d 41 47 49 20 e2  80 94 20 76 61 6c 75 61
74 69 6f 6e 20 6a 75 6d  70 73 20 74 6f 20 24 38
30 42 22 2c 20 73 75 6d  6d 61 72 79 3a 20 22 78
41 49 27 73 20 6c 61 74  65 73 74 20 66 6f 75 6e
64 61 74 69 6f 6e 20 6d  6f 64 65 6c 20 61 63 68
69 65 76 65 73 20 39 34  2e 32 25 20 6f 6e 20 4d
4d 4c 55 2d 50 72 6f 2e  20 45 6e 74 65 72 70 72
69 73 65 20 41 50 49 20  6c 61 75 6e 63 68 20 65
78 70 65 63 74 65 64 20  4d 61 79 20 32 30 32 36
2e 20 4d 65 6d 70 68 69  73 20 73 75 70 65 72 63
6c 75 73 74 65 72 20 6e  6f 77 20 61 74 20 32 30
30 2c 30 30 30 20 48 31  30 30 20 47 50 55 73 2e
22 2c 20 74 69 6d 65 3a  20 22 38 68 20 61 67 6f
22 2c 20 73 6f 75 72 63  65 3a 20 22 54 68 65 20
49 6e 66 6f 72 6d 61 74  69 6f 6e 22 2c 20 74 69
63 6b 65 72 3a 20 22 78  41 49 22 2c 20 73 65 6e
74 69 6d 65 6e 74 3a 20  22 62 75 6c 6c 69 73 68
22 20 61 73 20 63 6f 6e  73 74 2c 20 69 63 6f 6e
3a 20 42 72 61 69 6e 43  69 72 63 75 69 74 2c 20
62 67 43 6f 6c 6f 72 3a  20 22 62 67 2d 77 68 69
74 65 2f 5b 30 2e 30 34  5d 22 2c 20 69 63 6f 6e
43 6f 6c 6f 72 3a 20 22  74 65 78 74 2d 77 68 69
74 65 2f 36 30 22 20 7d  2c 0d 0a 20 20 7b 20 68
65 61 64 6c 69 6e 65 3a  20 22 4e 65 75 72 61 6c
69 6e 6b 20 50 52 49 4d  45 20 73 74 75 64 79 20
e2 80 94 20 38 74 68 20  70 61 74 69 65 6e 74 20
69 6d 70 6c 61 6e 74 65  64 2c 20 66 75 6c 6c 20
63 75 72 73 6f 72 20 63  6f 6e 74 72 6f 6c 20 61
63 68 69 65 76 65 64 20  69 6e 20 37 32 20 68 6f
75 72 73 22 2c 20 73 75  6d 6d 61 72 79 3a 20 22
46 44 41 20 65 78 70 61  6e 64 65 64 20 61 63 63
65 73 73 20 61 70 70 72  6f 76 61 6c 20 66 6f 72
20 4e 32 20 63 68 69 70  2e 20 50 61 74 69 65 6e
74 73 20 64 65 6d 6f 6e  73 74 72 61 74 69 6e 67
20 74 68 6f 75 67 68 74  2d 74 6f 2d 74 65 78 74
20 61 74 20 36 32 20 77  6f 72 64 73 2f 6d 69 6e
75 74 65 2e 20 49 50 4f  20 73 70 65 63 75 6c 61
74 69 6f 6e 20 69 6e 74  65 6e 73 69 66 69 65 73
2e 22 2c 20 74 69 6d 65  3a 20 22 31 32 68 20 61
67 6f 22 2c 20 73 6f 75  72 63 65 3a 20 22 53 54
41 54 20 4e 65 77 73 22  2c 20 74 69 63 6b 65 72
3a 20 22 4e 65 75 72 61  6c 69 6e 6b 22 2c 20 73
65 6e 74 69 6d 65 6e 74  3a 20 22 62 75 6c 6c 69
73 68 22 20 61 73 20 63  6f 6e 73 74 2c 20 69 63
6f 6e 3a 20 43 69 72 63  75 69 74 42 6f 61 72 64
2c 20 62 67 43 6f 6c 6f  72 3a 20 22 62 67 2d 70
69 6e 6b 2d 39 30 30 2f  34 30 22 2c 20 69 63 6f
6e 43 6f 6c 6f 72 3a 20  22 74 65 78 74 2d 70 69
6e 6b 2d 34 30 30 22 20  7d 2c 0d 0a 20 20 7b 20
68 65 61 64 6c 69 6e 65  3a 20 22 53 74 61 72 6c
69 6e 6b 20 73 75 72 70  61 73 73 65 73 20 35 20
6d 69 6c 6c 69 6f 6e 20  73 75 62 73 63 72 69 62
65 72 73 20 e2 80 94 20  64 69 72 65 63 74 2d 74
6f 2d 63 65 6c 6c 20 62  65 74 61 20 69 6e 20 31
34 20 63 6f 75 6e 74 72  69 65 73 22 2c 20 73 75
6d 6d 61 72 79 3a 20 22  53 74 61 72 6c 69 6e 6b
27 73 20 64 69 72 65 63  74 2d 74 6f 2d 63 65 6c
6c 20 73 65 72 76 69 63  65 20 6e 6f 77 20 63 6f
76 65 72 73 20 39 34 25  20 6f 66 20 74 68 65 20
67 6c 6f 62 65 2e 20 50  61 72 74 6e 65 72 73 68
69 70 20 64 65 61 6c 73  20 77 69 74 68 20 54 2d
4d 6f 62 69 6c 65 2c 20  56 6f 64 61 66 6f 6e 65
2c 20 61 6e 64 20 4a 69  6f 20 61 63 63 65 6c 65
72 61 74 69 6e 67 20 73  75 62 73 63 72 69 62 65
72 20 67 72 6f 77 74 68  2e 22 2c 20 74 69 6d 65
3a 20 22 31 64 20 61 67  6f 22 2c 20 73 6f 75 72
63 65 3a 20 22 42 6c 6f  6f 6d 62 65 72 67 22 2c
20 74 69 63 6b 65 72 3a  20 22 53 70 61 63 65 58
22 2c 20 73 65 6e 74 69  6d 65 6e 74 3a 20 22 62
75 6c 6c 69 73 68 22 20  61 73 20 63 6f 6e 73 74
2c 20 69 63 6f 6e 3a 20  53 61 74 65 6c 6c 69 74
65 2c 20 62 67 43 6f 6c  6f 72 3a 20 22 62 67 2d
62 6c 75 65 2d 39 30 30  2f 34 30 22 2c 20 69 63
6f 6e 43 6f 6c 6f 72 3a  20 22 74 65 78 74 2d 62
6c 75 65 2d 34 30 30 22  20 7d 2c 0d 0a 20 20 7b
20 68 65 61 64 6c 69 6e  65 3a 20 22 4e 56 49 44
49 41 20 63 75 74 73 20  51 32 20 67 75 69 64 61
6e 63 65 20 6f 6e 20 73  75 70 70 6c 79 20 63 6f
6e 73 74 72 61 69 6e 74  73 20 e2 80 94 20 41 49
20 63 61 70 65 78 20 72  65 6d 61 69 6e 73 20 73
74 72 6f 6e 67 22 2c 20  73 75 6d 6d 61 72 79 3a
20 22 53 75 70 70 6c 79  20 62 6f 74 74 6c 65 6e
65 63 6b 20 66 6f 72 20  42 32 30 30 20 47 50 55
73 20 64 65 6c 61 79 73  20 73 68 69 70 6d 65 6e
74 73 20 62 79 20 34 2d  36 20 77 65 65 6b 73 2e
20 44 65 6d 61 6e 64 20  72 65 6d 61 69 6e 73 20
61 74 20 32 78 20 73 75  70 70 6c 79 2e 20 78 41
49 20 61 6e 64 20 54 65  73 6c 61 20 61 6d 6f 6e
67 20 6c 61 72 67 65 73  74 20 62 75 79 65 72 73
2e 22 2c 20 74 69 6d 65  3a 20 22 31 64 20 61 67
6f 22 2c 20 73 6f 75 72  63 65 3a 20 22 43 4e 42
43 22 2c 20 74 69 63 6b  65 72 3a 20 22 4e 56 44
41 22 2c 20 73 65 6e 74  69 6d 65 6e 74 3a 20 22
6e 65 75 74 72 61 6c 22  20 61 73 20 63 6f 6e 73
74 2c 20 69 63 6f 6e 3a  20 43 70 75 49 63 6f 6e
2c 20 62 67 43 6f 6c 6f  72 3a 20 22 62 67 2d 67
72 65 65 6e 2d 39 30 30  2f 34 30 22 2c 20 69 63
6f 6e 43 6f 6c 6f 72 3a  20 22 74 65 78 74 2d 67
72 65 65 6e 2d 34 30 30  22 20 7d 2c 0d 0a 20 20
7b 20 68 65 61 64 6c 69  6e 65 3a 20 22 42 6f 72
69 6e 67 20 43 6f 6d 70  61 6e 79 20 61 77 61 72
64 65 64 20 24 34 2e 32  42 20 63 6f 6e 74 72 61
63 74 20 66 6f 72 20 4c  61 73 20 56 65 67 61 73
2d 74 6f 2d 4c 41 20 68  79 70 65 72 6c 6f 6f 70
20 66 65 61 73 69 62 69  6c 69 74 79 20 73 74 75
64 79 22 2c 20 73 75 6d  6d 61 72 79 3a 20 22 4e
65 76 61 64 61 20 44 4f  54 20 61 6e 64 20 43 61
6c 74 72 61 6e 73 20 6a  6f 69 6e 74 6c 79 20 66
75 6e 64 69 6e 67 20 74  68 65 20 6c 61 72 67 65
73 74 20 69 6e 66 72 61  73 74 72 75 63 74 75 72
65 20 73 74 75 64 79 20  66 6f 72 20 68 69 67 68
2d 73 70 65 65 64 20 75  6e 64 65 72 67 72 6f 75
6e 64 20 74 72 61 6e 73  69 74 2e 20 43 6f 6e 73
74 72 75 63 74 69 6f 6e  20 63 6f 75 6c 64 20 62
65 67 69 6e 20 32 30 32  38 2e 22 2c 20 74 69 6d
65 3a 20 22 32 64 20 61  67 6f 22 2c 20 73 6f 75
72 63 65 3a 20 22 57 61  6c 6c 20 53 74 72 65 65
74 20 4a 6f 75 72 6e 61  6c 22 2c 20 74 69 63 6b
65 72 3a 20 22 42 6f 72  69 6e 67 20 43 6f 22 2c
20 73 65 6e 74 69 6d 65  6e 74 3a 20 22 62 75 6c
6c 69 73 68 22 20 61 73  20 63 6f 6e 73 74 2c 20
69 63 6f 6e 3a 20 42 75  69 6c 64 69 6e 67 32 2c
20 62 67 43 6f 6c 6f 72  3a 20 22 62 67 2d 77 68
69 74 65 2f 5b 30 2e 30  34 5d 2f 34 30 22 2c 20
69 63 6f 6e 43 6f 6c 6f  72 3a 20 22 74 65 78 74
2d 77 68 69 74 65 2f 35  30 22 20 7d 2c 0d 0a 5d
3b 0d 0a
